timestamp, productName, expiryDate, quantityStr,unitPriceStr, channel, paymentMethod , discount
2023-04-18T18:18:40,Wine - White Pinot Grigio,2023-06-10,6,122.47,Store,Visa ,0.05
2023-04-09T20:17:37,Pepper - Red Thai,2023-05-22,5,23.18,Store,Cash ,0.0
2023-05-09T13:28:27,Wine - Chardonnay Mondavi,2023-08-04,7,189.74,Store,Cash ,0.05
2023-04-09T02:56:43,External Supplier,2023-05-23,14,9.92,App,Visa ,0.11
2023-03-27T17:55:57,Beans - Black Bean Preserved,2023-05-28,13,145.85,Store,Cash ,0.035
2023-04-27T04:41:13,Beef - Inside Round,2023-07-18,9,247.62,Store,Visa ,0.05
2023-05-02T11:40:53,Bread - Calabrese Baguette,2023-05-28,1,111.21,Store,Visa ,0.045
2023-03-17T16:27:46,Zucchini - Mini Green,2023-05-05,15,146.75,Store,Visa ,0.025
2023-03-22T16:45:21,Eggs - Extra Large,2023-04-08,16,48.05,App,Visa ,0.165
2023-05-11T16:44:16,Pork - Liver,2023-07-20,17,191.13,Store,Visa ,0.075
2023-04-04T14:52:06,Sesame Seed,2023-06-08,4,62.69,Store,Cash ,0.0
2023-04-14T11:44:13,Tuna - Yellowfin,2023-05-23,9,183.3,Store,Cash ,0.025
2023-04-23T23:27:10,Wine - Magnotta - Belpaese,2023-05-12,9,101.36,Store,Cash ,0.08
2023-04-26T05:03:47,Bar Bran Honey Nut,2023-07-20,15,13.21,Store,Cash ,0.0
2023-04-23T20:34:15,Cake - French Pear Tart,2023-07-11,12,215.63,Store,Cash ,0.035
2023-04-24T04:20:27,Carbonated Water - Wildberry,2023-07-19,2,19.31,Store,Cash ,0.0
2023-04-06T09:01:16,Pork - Ham Virginia,2023-06-18,14,208.26,Store,Cash ,0.035
2023-04-30T06:24:56,Wine - Prosecco Valdobienne,2023-06-01,15,221.11,Store,Visa ,0.05
2023-04-23T02:58:07,Lettuce - Boston Bib - Organic,2023-06-13,6,96.43,Store,Visa ,0.05
2023-04-05T04:19:17,Wine - Marlbourough Sauv Blanc,2023-04-10,4,233.83,App,Visa ,0.15
2023-04-13T10:16:13,Longos - Chicken Cordon Bleu,2023-05-28,16,193.04,Store,Cash ,0.05
2023-04-19T15:25:25,Beef Striploin Aaa,2023-06-06,9,81.77,Store,Cash ,0.025
2023-04-29T13:28:36,Sauce - Oyster,2023-05-15,2,69.06,App,Visa ,0.095
2023-04-03T13:43:15,Barley - Pearl,2023-05-29,3,94.98,App,Visa ,0.05
2023-05-09T07:22:25,Cheese Cloth No 60,2023-06-20,16,49.41,App,Visa ,0.15
2023-03-25T05:49:59,Cut Wakame - Hanawakaba,2023-06-17,16,190.34,Store,Cash ,0.05
2023-05-12T22:56:06,Kolrabi,2023-05-20,14,29.13,App,Visa ,0.185
2023-05-03T01:58:15,Coffee - Espresso,2023-05-31,12,61.91,App,Visa ,0.11
2023-04-29T10:50:25,Beef - Kindney Whole,2023-04-30,14,7.41,Store,Visa ,0.18
2023-05-10T00:56:48,Honey - Comb,2023-07-03,3,97.54,Store,Visa ,0.025
2023-04-19T18:45:29,Soup Campbells Turkey Veg.,2023-04-24,1,1.86,Store,Cash ,0.125
2023-04-15T01:41:19,Syrup - Monin - Blue Curacao,2023-04-19,9,62.85,Store,Visa ,0.155
2023-04-21T17:43:02,Coffee Beans - Chocolate,2023-07-15,15,29.33,Store,Cash ,0.0
2023-04-13T02:43:27,Wine - Vidal Icewine Magnotta,2023-05-29,17,220.37,App,Visa ,0.15
2023-03-29T21:44:49,Island Oasis - Peach Daiquiri,2023-06-18,16,128.13,Store,Visa ,0.075
2023-04-04T19:15:08,Lychee,2023-07-01,4,16.08,Store,Cash ,0.0
2023-03-17T18:13:53,Contreau,2023-04-16,11,222.63,App,Visa ,0.11
2023-04-08T17:15:42,Cheese - Taleggio D.o.p.,2023-04-27,1,205.18,Store,Visa ,0.105
2023-03-30T10:13:31,Persimmons,2023-05-01,14,80.81,Store,Cash ,0.035
2023-03-29T12:43:10,Towels - Paper / Kraft,2023-05-02,7,17.24,Store,Cash ,0.025
2023-03-27T04:33:20,Pastry - Cheese Baked Scones,2023-06-08,11,232.08,App,Visa ,0.125
2023-04-07T08:20:39,Honey - Liquid,2023-07-01,16,103.96,Store,Cash ,0.05
2023-04-09T03:11:31,Veal - Bones,2023-06-30,14,48.36,App,Visa ,0.11
2023-04-08T11:18:44,Beets,2023-04-15,16,108.46,Store,Cash ,0.165
2023-04-25T01:50:17,Wine - Saint Emilion Calvet,2023-06-05,5,31.56,App,Visa ,0.05
2023-04-13T17:44,Coffee - Ristretto Coffee Capsule,2023-06-23,12,234.0,Store,Visa ,0.06
2023-03-21T20:03:53,Beef - Tenderlion Center Cut,2023-04-08,7,245.12,Store,Visa ,0.085
2023-04-12T23:07:40,Pails With Lids,2023-07-08,5,156.56,App,Visa ,0.05
2023-04-22T23:04:32,Wine - Cousino Macul Antiguas,2023-05-26,1,78.82,Store,Visa ,0.05
2023-03-25T01:19:39,Puree - Mango,2023-06-20,7,236.95,Store,Cash ,0.025
2023-04-15T11:20:26,Soup - Campbells Chili,2023-06-13,3,167.22,Store,Cash ,0.0
2023-04-02T08:15:05,Table Cloth 91x91 Colour,2023-05-11,1,132.54,App,Visa ,0.05
2023-05-01T15:11:40,Apron,2023-07-17,6,139.54,Store,Cash ,0.025
2023-04-17T02:15:38,Chocolate - Mi - Amere Semi,2023-07-04,6,227.37,App,Visa ,0.075
2023-04-05T02:47:10,Tomatoes - Plum Canned,2023-05-31,10,68.25,Store,Cash ,0.035
2023-04-14T08:28:39,Oysters - Smoked,2023-07-08,15,66.86,App,Visa ,0.1
2023-04-19T09:40:53,Pork - Chop Frenched,2023-05-07,2,154.51,Store,Cash ,0.06
2023-05-10T11:02:50,Pastry - Baked Cinnamon Stick,2023-05-16,12,64.08,App,Visa ,0.195
2023-04-03T18:06:40,Bread Foccacia Whole,2023-04-18,1,198.9,App,Visa ,0.1
2023-04-07T21:02:53,Tuna - Loin,2023-06-16,7,26.01,App,Visa ,0.075
2023-04-02T04:04:43,Corn Syrup,2023-04-27,8,124.55,App,Visa ,0.075
2023-05-05T17:24:57,Wine - Bouchard La Vignee Pinot,2023-05-06,5,202.72,App,Visa ,0.17
2023-04-20T11:23:27,Lamb - Pieces Diced,2023-06-12,5,85.41,Store,Cash ,0.0
2023-04-08T22:48:50,Cocoa Butter,2023-04-10,3,149.72,App,Visa ,0.165
2023-03-30T01:31:30,Juice - Apple 284ml,2023-05-12,2,24.63,Store,Cash ,0.0
2023-04-03T08:39:33,Tomato - Plum With Basil,2023-06-25,3,71.15,Store,Cash ,0.0
2023-04-18T15:58:33,Wine - Magnotta White,2023-06-12,4,136.58,Store,Cash ,0.025
2023-04-01T15:02:55,Veal - Knuckle,2023-05-10,10,186.71,Store,Cash ,0.035
2023-04-12T06:27:17,Sugar - Brown,2023-04-28,13,218.79,App,Visa ,0.145
2023-04-03T23:09:49,Mix - Cocktail Ice Cream,2023-05-29,15,94.51,Store,Cash ,0.0
2023-04-11T16:25:43,Bread Base - Gold Formel,2023-04-17,6,83.09,App,Visa ,0.17
2023-04-25T08:37:36,Salmon - Whole 4 - 6 Pounds,2023-06-09,9,188.02,Store,Cash ,0.025
2023-04-27T08:18:08,Lettuce - Radicchio,2023-06-26,12,227.89,Store,Cash ,0.035
2023-03-21T07:11:07,Wood Chips - Regular,2023-06-06,17,191.65,App,Visa ,0.15
2023-04-04T09:55:46,Pails With Lids,2023-06-01,1,88.1,App,Visa ,0.05
2023-04-29T05:04:43,Strawberries,2023-05-28,2,148.88,App,Visa ,0.05
2023-05-01T18:48:28,Bread - Pita,2023-05-10,2,130.58,Store,Cash ,0.105
2023-04-12T01:06:18,Hand Towel,2023-05-01,12,219.89,Store,Cash ,0.09
2023-04-12T05:48:05,Ice Cream - Chocolate,2023-05-30,6,175.97,App,Visa ,0.075
2023-04-16T08:57:26,Lid - 16 Oz And 32 Oz,2023-04-17,10,105.73,Store,Cash ,0.18
2023-03-17T08:27:13,Mayonnaise,2023-03-22,12,100.57,Store,Cash ,0.16
2023-04-06T15:24:03,Tarts Assorted,2023-06-26,3,172.63,Store,Visa ,0.025
2023-05-04T01:33:11,Butter - Salted,2023-06-13,14,105.08,Store,Cash ,0.035
2023-03-27T23:33:05,Amaretto,2023-05-28,13,6.89,Store,Cash ,0.035
2023-04-03T06:40:49,Bread - White Mini Epi,2023-06-21,17,21.35,Store,Cash ,0.05
2023-04-12T13:20:59,Lamb - Bones,2023-06-13,16,111.07,App,Visa ,0.15
2023-04-26T14:25,Bagelers - Cinn / Brown Sugar,2023-06-23,12,210.78,Store,Cash ,0.035
2023-05-04T07:15:30,Soup - Campbells Beef Barley,2023-05-28,17,206.53,Store,Visa ,0.08
2023-03-24T11:48:07,Pasta - Fettuccine Egg Fresh,2023-06-02,6,166.99,Store,Cash ,0.025
2023-05-03T03:15:33,Nut - Almond Blanched Whole,2023-07-14,9,53.84,Store,Cash ,0.025
2023-03-17T22:07:15,Wine - White Schroder And Schyl,2023-03-23,13,165.67,Store,Cash ,0.155
2023-05-02T00:59:53,Soup - Knorr Chicken Gumbo,2023-05-11,3,236.76,Store,Cash ,0.105
2023-04-26T06:30:12,Wine - Red Colio Cabernet,2023-04-27,14,150.82,Store,Visa ,0.18
2023-05-02T20:24:44,Thyme - Lemon Fresh,2023-05-29,14,88.35,Store,Cash ,0.05
2023-03-13T11:40:03,Honey - Lavender,2023-04-13,1,11.79,App,Visa ,0.05
2023-05-05T04:09:59,Cake - Bande Of Fruit,2023-05-10,11,43.91,App,Visa ,0.2
2023-04-08T11:35:14,Veal - Insides Provini,2023-04-26,11,40.81,App,Visa ,0.135
2023-03-20T00:51:11,Cheese - Taleggio D.o.p.,2023-03-25,10,194.85,Store,Visa ,0.175
2023-04-20T07:59:11,Table Cloth 54x54 Colour,2023-07-03,15,186.31,Store,Cash ,0.0
2023-03-18T08:49:30,Nut - Walnut Chopped,2023-05-03,14,180.3,App,Visa ,0.11
2023-04-26T21:30:03,Turkey - Whole Fresh,2023-06-17,17,138.43,Store,Cash ,0.05
2023-04-12T10:58:09,Ocean Spray - Ruby Red,2023-07-02,5,148.87,Store,Cash ,0.0
2023-04-24T13:28:10,Nantucket - Orange Mango Cktl,2023-06-05,6,161.12,Store,Cash ,0.025
2023-04-12T23:05:04,Flower - Carnations,2023-05-21,6,229.61,Store,Cash ,0.025
2023-04-29T01:43:46,Tequila - Sauza Silver,2023-06-30,3,24.27,Store,Cash ,0.0
2023-04-17T00:07:28,Soup - Base Broth Beef,2023-05-21,14,55.81,Store,Visa ,0.06
2023-05-04T11:03:27,Mikes Hard Lemonade,2023-05-24,5,62.32,Store,Cash ,0.05
2023-03-31T06:10:33,Pasta - Lasagna Dry,2023-06-01,12,8.24,Store,Visa ,0.06
2023-04-06T18:19:06,Ginsing - Fresh,2023-06-19,9,92.93,Store,Visa ,0.05
2023-05-03T06:04:12,Capon - Breast Wing On,2023-07-27,9,171.96,App,Visa ,0.075
2023-05-07T10:26:11,Chocolate - Semi Sweet Calets,2023-07-30,15,197.52,Store,Cash ,0.0
2023-03-20T06:04:55,Tray - 16in Rnd Blk,2023-06-16,12,7.88,App,Visa ,0.11
2023-05-08T17:08:48,Coffee - Frthy Coffee Crisp,2023-05-31,16,22.75,App,Visa ,0.15
2023-05-04T07:58:44,Schnappes Peppermint - Walker,2023-05-20,6,19.59,App,Visa ,0.12
2023-03-20T11:26:33,Wine - White Lindemans Bin 95,2023-04-19,9,182.21,Store,Cash ,0.05
2023-05-08T08:58:31,Coffee Cup 12oz 5342cd,2023-07-15,10,130.1,App,Visa ,0.085
2023-03-21T06:20:06,Paper - Brown Paper Mini Cups,2023-06-05,6,5.63,Store,Cash ,0.025
2023-04-30T00:04:16,Coffee - Frthy Coffee Crisp,2023-07-17,15,177.35,Store,Cash ,0.0
2023-05-03T12:57:28,Tea - Orange Pekoe,2023-05-20,1,71.36,App,Visa ,0.09
2023-05-02T23:46:34,Muffin Mix - Raisin Bran,2023-06-29,11,171.22,App,Visa ,0.11
2023-03-23T12:43:21,Jack Daniels,2023-06-14,17,210.22,Store,Cash ,0.3
2023-04-22T02:38:22,Beef - Ground Medium,2023-07-05,14,174.09,App,Visa ,0.11
2023-04-25T19:38:33,Onion Powder,2023-05-03,15,136.9,Store,Cash ,0.11
2023-04-02T06:16:39,Tomatoes - Grape,2023-06-28,13,164.11,App,Visa ,0.11
2023-03-22T23:20:59,Wine - Chenin Blanc K.w.v.,2023-06-07,11,184.55,App,Visa ,0.11
2023-04-04T16:02:12,Quail - Eggs Fresh,2023-04-28,13,222.23,Store,Cash ,0.065
2023-04-16T16:10:13,Bread - Pumpernickel,2023-05-12,11,182.41,Store,Cash ,0.055
2023-03-16T11:56:29,Apples - Spartan,2023-06-06,6,127.75,Store,Visa ,0.05
2023-04-05T08:36:35,Snails - Large Canned,2023-06-10,8,158.15,Store,Visa ,0.05
2023-03-13T07:23:26,Eggplant - Baby,2023-04-18,3,241.88,App,Visa ,0.05
2023-04-13T11:54:53,Wine - Rioja Campo Viejo,2023-05-10,15,165.9,App,Visa ,0.1
2023-04-20T15:01:57,Wine - Rosso Toscano Igt,2023-04-25,1,188.66,App,Visa ,0.15
2023-04-06T23:54:34,Wine - Blue Nun Qualitatswein,2023-04-08,7,228.35,Store,Cash ,0.165
2023-04-11T23:43:23,Ecolab Crystal Fusion,2023-07-07,5,90.56,App,Visa ,0.05
2023-04-24T15:20:05,Ecolab Crystal Fusion,2023-07-23,9,92.27,Store,Cash ,0.025
2023-03-28T04:24:34,Sauce - White Mix,2023-05-02,13,194.21,App,Visa ,0.11
2023-04-15T07:26:39,Lobak,2023-06-11,15,91.02,Store,Visa ,0.025
2023-04-09T01:00:26,Pasta - Shells Medium Dry,2023-04-11,3,212.35,App,Visa ,0.165
2023-05-10T23:34:01,Tomatoes Tear Drop Yellow,2023-06-03,13,45.47,Store,Visa ,0.065
2023-05-05T08:30:42,Melon - Honey Dew,2023-07-27,12,167.18,Store,Cash ,0.035
2023-03-23T16:55:15,Dried Cranberries,2023-04-25,16,166.28,Store,Visa ,0.3
2023-03-26T00:22:25,Bagels Poppyseed,2023-05-10,8,80.83,App,Visa ,0.075
2023-04-23T20:22:46,Mushroom - Crimini,2023-06-08,15,217.8,App,Visa ,0.1
2023-04-28T06:57:05,Spice - Peppercorn Melange,2023-06-16,7,234.14,App,Visa ,0.075
2023-03-19T00:00:29,Fruit Salad Deluxe,2023-05-22,4,148.25,Store,Visa ,0.025
2023-03-25T04:29:31,Mountain Dew,2023-04-07,13,62.12,Store,Cash ,0.12
2023-03-19T13:49:36,Pur Value,2023-04-12,4,9.19,App,Visa ,0.055
2023-03-18T06:40:23,Remy Red Berry Infusion,2023-05-26,7,38.18,App,Visa ,0.075
2023-04-27T20:37:10,Chestnuts - Wholecanned,2023-06-14,9,38.44,App,Visa ,0.075
2023-03-20T01:52:14,Pork - Sausage Medium,2023-04-06,6,233.63,Store,Cash ,0.09
2023-03-17T07:00:33,Apple - Royal Gala,2023-05-03,10,235.0,Store,Cash ,0.035
2023-04-24T00:44:38,Oil - Cooking Spray,2023-05-30,14,83.2,App,Visa ,0.11
2023-04-26T13:20:37,Tuna - Bluefin,2023-05-02,5,9.57,Store,Cash ,0.12
2023-03-22T07:45:32,Pepper - Green Thai,2023-04-22,1,64.88,Store,Cash ,0.0
2023-05-06T05:08:29,Mustard - Individual Pkg,2023-07-29,14,161.8,Store,Cash ,0.035
2023-05-12T22:09:15,Pepper - Julienne Frozen,2023-07-20,10,135.67,App,Visa ,0.085
2023-04-25T09:47:27,Hummus - Spread,2023-05-03,17,135.48,Store,Cash ,0.16
2023-03-13T00:33:51,Absolut Citron,2023-05-25,9,62.42,Store,Visa ,0.05
2023-05-10T20:19,Salad Dressing,2023-05-24,6,150.28,Store,Cash ,0.105
2023-03-21T04:53:49,Yogurt - Assorted Pack,2023-05-06,11,64.81,App,Visa ,0.11
2023-04-21T09:24:39,Soap - Hand Soap,2023-05-26,6,83.29,Store,Cash ,0.025
2023-05-04T19:52:22,Barley - Pearl,2023-06-30,2,123.76,App,Visa ,0.05
2023-04-20T14:49:44,Appetizer - Sausage Rolls,2023-06-25,8,75.13,Store,Cash ,0.025
2023-03-16T07:04:09,Lemons,2023-03-31,17,247.42,App,Visa ,0.175
2023-04-28T16:47:49,Cake - Miini Cheesecake Cherry,2023-05-31,12,127.02,Store,Cash ,0.085
2023-04-05T17:17:57,Table Cloth 72x144 White,2023-06-27,17,229.19,Store,Visa ,0.075
2023-03-17T07:47:35,Sword Pick Asst,2023-04-15,1,204.31,Store,Visa ,0.03
2023-03-18T13:30:28,Cake - Sheet Strawberry,2023-05-29,4,72.27,Store,Cash ,0.0
2023-03-19T16:41:35,Tuna - Sushi Grade,2023-05-09,14,40.61,Store,Cash ,0.035
2023-05-02T15:16:22,Wine - Vovray Sec Domaine Huet,2023-05-27,4,41.5,App,Visa ,0.05
2023-03-21T11:40:43,Watercress,2023-04-21,14,227.82,Store,Visa ,0.06
2023-03-29T08:59:37,V8 Splash Strawberry Banana,2023-06-07,13,42.39,Store,Cash ,0.035
2023-03-18T08:33:16,Syrup - Monin - Blue Curacao,2023-05-27,10,121.04,Store,Cash ,0.035
2023-05-04T11:28:23,Sprouts - China Rose,2023-05-06,10,58.63,Store,Cash ,0.175
2023-03-19T08:47:57,Pears - Bosc,2023-04-19,15,46.72,App,Visa ,0.1
2023-03-23T21:34:37,Beef - Ox Tongue,2023-05-06,3,152.52,Store,Cash ,0.25
2023-04-10T22:24:48,Buttons,2023-05-16,5,80.87,App,Visa ,0.05
2023-03-23T22:48:15,The Pop Shoppe - Root Beer,2023-05-18,15,226.37,Store,Visa ,0.275
2023-03-30T14:49:48,Pork - Ground,2023-04-14,1,189.55,Store,Cash ,0.075
2023-04-08T14:36:33,Wasabi Powder,2023-05-03,1,24.63,App,Visa ,0.05
2023-03-17T17:52:37,Milk 2% 500 Ml,2023-05-15,14,229.53,App,Visa ,0.11
2023-03-23T16:31:27,Flavouring - Orange,2023-04-05,14,183.47,Store,Visa ,0.335
2023-05-01T22:20:33,Juice - Orange Concentrate,2023-05-10,11,95.39,App,Visa ,0.18
2023-03-15T09:55:37,Bonito Flakes - Toku Katsuo,2023-04-23,12,96.35,Store,Visa ,0.06
2023-04-19T05:36:15,Bread - Bistro White,2023-05-19,15,68.7,App,Visa ,0.1
2023-04-18T22:16:01,Bread - English Muffin,2023-06-08,2,11.09,App,Visa ,0.05
2023-04-22T00:11:23,Nantuket Peach Orange,2023-06-12,9,88.17,Store,Cash ,0.025
2023-04-09T00:07:58,Currants,2023-06-05,11,87.0,Store,Cash ,0.035
2023-04-19T06:00:08,Wine - Red Gallo Merlot,2023-07-05,14,171.66,Store,Cash ,0.06
2023-05-05T20:59:15,Cheese - Camembert,2023-06-19,10,62.27,App,Visa ,0.1
2023-04-27T00:45:41,Container - Hngd Cll Blk 7x7x3,2023-06-21,17,247.07,Store,Visa ,0.075
2023-04-04T13:14:20,Tomatoes - Vine Ripe Red,2023-05-09,9,197.06,App,Visa ,0.075
2023-04-14T09:35:59,Durian Fruit,2023-06-15,5,246.05,App,Visa ,0.05
2023-03-23T01:03:05,Veal - Shank Pieces,2023-06-01,15,64.0,Store,Cash ,0.25
2023-04-23T22:43:19,Container - Clear 32 Oz,2023-05-17,14,201.77,Store,Visa ,0.065
2023-05-05T05:54:55,Soup - Campbells - Chicken Noodle,2023-06-17,15,126.29,App,Visa ,0.1
2023-05-01T21:09:33,Rice - Aborio,2023-07-06,6,16.2,Store,Cash ,0.025
2023-03-16T07:17:29,Wine - Fume Blanc Fetzer,2023-06-04,14,93.19,App,Visa ,0.11
2023-04-21T12:59:35,Beef - Salted,2023-07-11,1,83.46,App,Visa ,0.05
2023-04-09T20:34:30,Pastry - French Mini Assorted,2023-05-05,6,220.44,Store,Cash ,0.045
2023-05-11T21:50:29,Liners - Baking Cups,2023-08-05,4,1.45,App,Visa ,0.05
2023-04-30T03:01:44,Cookie - Oatmeal,2023-05-13,8,67.93,App,Visa ,0.135
2023-04-09T10:54:17,Pastry - Banana Tea Loaf,2023-05-20,7,174.86,App,Visa ,0.075
2023-03-23T16:58:56,Broom And Brush Rack Black,2023-03-31,12,236.64,Store,Visa ,0.36
2023-05-05T16:57:36,Fish - Bones,2023-07-06,5,194.87,Store,Cash ,0.0
2023-04-22T07:12:10,Pie Shell - 5,2023-05-01,7,182.98,Store,Visa ,0.13
2023-04-05T03:43:03,Wine - White Colubia Cresh,2023-04-23,16,142.82,App,Visa ,0.16
2023-04-30T00:31:35,Celery Root,2023-05-08,10,6.28,App,Visa ,0.16
2023-03-22T09:20:18,Longos - Greek Salad,2023-06-11,8,86.7,App,Visa ,0.075
2023-03-13T10:38:23,Puree - Raspberry,2023-03-19,16,13.46,Store,Cash ,0.17
2023-04-11T12:45:54,Calvados - Boulard,2023-04-13,4,228.68,App,Visa ,0.165
2023-04-14T18:49:39,Scampi Tail,2023-06-21,14,187.9,Store,Cash ,0.035
2023-04-20T18:09:28,Island Oasis - Ice Cream Mix,2023-05-15,10,123.17,App,Visa ,0.085
2023-05-01T13:16:45,Plasticforkblack,2023-07-17,17,162.91,Store,Cash ,0.05
2023-03-18T13:00:05,Bread - 10 Grain Parisian,2023-04-13,3,228.82,Store,Cash ,0.02
2023-03-27T11:22:11,Kale - Red,2023-04-11,4,218.31,Store,Cash ,0.075
2023-03-13T10:00:07,Wine - Casillero Deldiablo,2023-05-27,7,22.82,Store,Cash ,0.05
2023-04-08T13:19:11,Maintenance Removal Charge,2023-05-19,16,197.57,Store,Cash ,0.05
2023-03-18T03:12:28,Tea - Mint,2023-04-18,13,156.99,Store,Cash ,0.035
2023-04-22T02:25:32,Cookie - Oreo 100x2,2023-05-03,16,145.35,App,Visa ,0.195
2023-05-11T06:08:19,Compound - Pear,2023-06-15,12,16.86,Store,Cash ,0.035
2023-04-09T10:25:07,The Pop Shoppe Pinapple,2023-06-24,15,28.4,Store,Visa ,0.025
2023-04-11T21:56:50,Tarragon - Primerba Paste,2023-05-04,12,4.44,Store,Visa ,0.07
2023-04-24T19:13:30,Straw - Regular,2023-05-19,13,167.1,Store,Cash ,0.06
2023-03-22T06:24,Mussels - Cultivated,2023-04-28,9,155.12,Store,Visa ,0.05
2023-04-15T21:11:01,Beef - Top Butt Aaa,2023-05-29,7,75.8,App,Visa ,0.075
2023-04-23T00:32:45,Beer - Sleemans Honey Brown,2023-04-28,9,195.62,Store,Visa ,0.15
2023-04-26T06:23:31,Bread - Pumpernickle Rounds,2023-04-29,16,30.8,Store,Cash ,0.185
2023-04-08T16:08:02,Cheese - Cheddar With Claret,2023-06-09,12,171.33,Store,Cash ,0.085
2023-04-25T10:47:17,Orange Roughy 6/8 Oz,2023-07-06,3,144.86,Store,Cash ,0.0
2023-05-11T01:29:21,Quiche Assorted,2023-06-19,13,194.39,Store,Cash ,0.035
2023-05-09T05:56:12,Cherries - Fresh,2023-07-27,9,86.3,App,Visa ,0.075
2023-04-01T21:31:54,Appetizer - Cheese Bites,2023-05-24,6,127.16,App,Visa ,0.1
2023-04-05T12:26:04,Wine - Barossa Valley Estate,2023-07-04,16,166.47,Store,Visa ,0.075
2023-04-30T02:30:43,External Supplier,2023-06-15,10,177.68,App,Visa ,0.085
2023-03-17T22:02:44,The Pop Shoppe Pinapple,2023-04-06,1,62.58,App,Visa ,0.075
2023-04-05T11:02:49,Wine - Red Gallo Merlot,2023-05-10,15,210.55,Store,Visa ,0.05
2023-03-20T17:39:20,Beef - Top Butt Aaa,2023-05-06,3,103.91,Store,Cash ,0.0
2023-04-12T09:53:38,Yoghurt Tubes,2023-04-28,3,172.6,Store,Cash ,0.07
2023-04-24T12:08:42,Fudge - Chocolate Fudge,2023-07-23,4,9.43,Store,Visa ,0.025
2023-04-15T16:54:01,Pickles - Gherkins,2023-06-11,3,187.3,Store,Cash ,0.0
2023-03-25T09:02:38,Chef Hat 25cm,2023-04-02,10,126.81,Store,Visa ,0.145
2023-03-20T20:29:04,Wheat - Soft Kernal Of Wheat,2023-05-13,4,132.78,Store,Cash ,0.0
2023-03-25T11:58:05,Soup - Campbells Chili Veg,2023-06-02,14,88.34,Store,Cash ,0.035
2023-04-01T15:48:40,Bread - Granary Small Pull,2023-05-04,13,149.45,Store,Visa ,0.06
2023-03-26T03:06:55,Bananas,2023-06-05,13,103.36,Store,Visa ,0.06
2023-04-01T01:10:54,Glaze - Apricot,2023-05-16,16,29.3,Store,Cash ,0.05
2023-04-02T12:44:07,Wine - Taylors Reserve,2023-06-20,16,51.5,Store,Visa ,0.075
2023-03-31T11:30:38,Cheese - Havarti Salsa,2023-05-09,7,37.1,Store,Cash ,0.075
2023-05-11T03:44:55,Nori Sea Weed - Gold Label,2023-06-30,15,217.08,App,Visa ,0.1
2023-03-23T20:49:53,Wine La Vielle Ferme Cote Du,2023-05-01,16,179.99,Store,Cash ,0.3
2023-04-22T00:48:29,Coffee - Frthy Coffee Crisp,2023-06-05,11,155.69,App,Visa ,0.11
2023-04-20T08:20:50,Marjoram - Dried Rubbed,2023-06-13,2,25.33,App,Visa ,0.05
2023-05-09T22:45:47,The Pop Shoppe Pinapple,2023-05-19,16,148.54,Store,Cash ,0.15
2023-04-09T05:43:52,Crawfish,2023-04-22,11,173.66,Store,Cash ,0.12
2023-04-06T09:36:47,Pork - Bacon Double Smoked,2023-06-22,2,108.18,Store,Visa ,0.025
2023-05-08T17:04:35,Beer - Upper Canada Light,2023-06-09,3,137.12,App,Visa ,0.05
2023-05-02T06:38:41,Napkin - Beverge White 2 - Ply,2023-06-05,12,133.32,App,Visa ,0.11
2023-03-13T16:30:45,Wine - Vineland Estate Semi - Dry,2023-05-23,13,154.59,Store,Visa ,0.06
2023-04-17T10:37:02,Scrubbie - Scotchbrite Hand Pad,2023-06-16,9,130.41,Store,Cash ,0.025
2023-04-03T02:49:58,Kellogs Raisan Bran Bars,2023-05-04,1,49.13,Store,Visa ,0.025
2023-04-29T17:41:15,Wine - Rubyport,2023-05-14,10,236.91,App,Visa ,0.125
2023-03-15T23:57:57,Pumpkin,2023-03-24,7,154.67,Store,Visa ,0.13
2023-05-11T04:21:26,Brandy Cherry - Mcguinness,2023-06-23,10,118.87,App,Visa ,0.085
2023-03-17T16:59:07,Wine - Soave Folonari,2023-03-28,1,123.96,Store,Cash ,0.12
2023-04-11T06:23:04,Tomatoes - Cherry,2023-06-13,6,22.32,Store,Cash ,0.025
2023-04-05T11:33:02,Mousse - Banana Chocolate,2023-06-09,9,194.32,App,Visa ,0.075
2023-03-13T00:14:09,Cheese - Brick With Pepper,2023-03-31,1,122.85,Store,Cash ,0.11
2023-04-03T03:19:02,Flour - Chickpea,2023-05-14,4,11.43,Store,Visa ,0.025
2023-04-24T02:30:08,Tart Shells - Savory 2,2023-07-20,8,107.87,Store,Cash ,0.025
2023-04-10T01:09:56,Clams - Bay,2023-04-17,8,225.63,App,Visa ,0.165
2023-05-06T03:05:11,Honey - Comb,2023-06-14,13,122.33,Store,Cash ,0.035
2023-04-27T09:31:57,Thyme - Dried,2023-07-20,11,189.65,Store,Cash ,0.035
2023-05-04T19:24:36,V8 Splash Strawberry Kiwi,2023-07-02,12,222.58,Store,Cash ,0.035
2023-04-13T21:37:35,Jameson Irish Whiskey,2023-06-30,17,100.98,App,Visa ,0.15
2023-04-05T20:06:25,Lemonade - Pineapple Passion,2023-05-12,7,59.74,Store,Cash ,0.025
2023-03-16T17:47:49,Coconut - Creamed Pure,2023-04-11,14,179.51,App,Visa ,0.11
2023-05-04T04:55:50,Pepper - Chillies Crushed,2023-07-08,14,177.57,App,Visa ,0.11
2023-04-22T15:17:57,Petit Baguette,2023-06-01,2,184.09,App,Visa ,0.05
2023-03-23T09:39:04,Juice - Apple 500 Ml,2023-04-19,1,148.21,Store,Cash ,0.265
2023-04-02T09:33:14,Onions - Spanish,2023-05-06,15,147.93,Store,Cash ,0.0
2023-03-16T23:34:11,Wine - Carmenere Casillero Del,2023-04-12,3,64.07,App,Visa ,0.05
2023-05-10T03:15:26,Chips Potato All Dressed - 43g,2023-06-08,16,34.82,Store,Cash ,0.055
2023-04-30T21:38:48,Pastrami,2023-07-19,1,153.31,Store,Cash ,0.0
2023-04-29T03:37:36,Sobe - Green Tea,2023-07-28,6,43.28,Store,Visa ,0.05
2023-04-20T19:20:54,Cheese - La Sauvagine,2023-05-26,15,212.0,Store,Cash ,0.05
2023-03-15T01:41:33,Jicama,2023-05-05,10,236.23,Store,Cash ,0.035
2023-04-30T08:48:14,Wine - Sicilia Igt Nero Avola,2023-05-28,4,199.37,App,Visa ,0.05
2023-03-13T02:09:34,Ginger - Crystalized,2023-05-09,6,112.72,Store,Cash ,0.025
2023-04-28T16:29:44,Blue Curacao - Marie Brizard,2023-06-05,13,83.43,Store,Visa ,0.06
2023-05-05T06:14:07,Pail - 15l White With Handle,2023-06-06,11,232.62,Store,Visa ,0.06
2023-04-06T21:26:02,Pork - Kidney,2023-06-01,17,190.32,Store,Cash ,0.05
2023-04-01T06:29:32,Table Cloth - 53x69 Colour,2023-06-16,3,3.83,App,Visa ,0.05
2023-04-05T04:43:03,Ostrich - Prime Cut,2023-06-04,13,39.62,App,Visa ,0.11
2023-03-25T13:16:51,Potatoes - Peeled,2023-06-22,3,110.03,Store,Cash ,0.0
2023-03-27T08:37:15,Fish - Artic Char Cold Smoked,2023-05-17,1,135.58,Store,Visa ,0.025
2023-04-10T01:44:47,Oil - Canola,2023-05-24,12,171.54,Store,Visa ,0.06
2023-04-28T03:57:08,Bread - English Muffin,2023-06-18,7,247.0,Store,Visa ,0.05
2023-03-15T03:22:05,Table Cloth 120 Round White,2023-06-02,17,114.51,App,Visa ,0.15
2023-05-03T20:29:23,Pork Ham Prager,2023-07-16,11,38.62,App,Visa ,0.11
2023-03-18T07:57:18,Dc - Frozen Momji,2023-04-23,12,228.91,App,Visa ,0.11
2023-04-06T15:13:01,Yeast Dry - Fermipan,2023-05-14,3,173.94,Store,Cash ,0.0
2023-04-29T18:43:15,Veal Inside - Provimi,2023-07-28,11,4.73,Store,Cash ,0.035
2023-04-07T09:48:47,Pepper - Chillies Crushed,2023-06-01,1,70.85,App,Visa ,0.05
2023-04-24T02:29:09,Chef Hat 20cm,2023-05-25,2,25.15,Store,Visa ,0.025
2023-05-08T12:22:24,Oil - Olive Extra Virgin,2023-07-28,16,24.09,App,Visa ,0.15
2023-04-01T12:31:10,Basil - Thai,2023-05-05,4,237.09,Store,Visa ,0.025
2023-04-08T15:54:43,Fennel - Seeds,2023-06-12,6,216.99,Store,Cash ,0.025
2023-04-12T23:09:56,Gingerale - Schweppes 355 Ml,2023-04-27,3,11.12,App,Visa ,0.1
2023-03-14T02:29:50,Duck - Whole,2023-05-06,17,161.92,Store,Cash ,0.05
2023-04-23T14:05:57,Truffle - Whole Black Peeled,2023-05-03,7,200.92,Store,Visa ,0.125
2023-03-17T00:10:50,Lobak,2023-06-01,1,123.8,Store,Cash ,0.0
2023-04-19T17:03:24,Pasta - Linguini Dry,2023-06-25,8,95.68,Store,Cash ,0.025
2023-04-29T00:30:53,Plate Foam Laminated 9in Blk,2023-05-13,10,214.18,Store,Cash ,0.115
2023-03-14T10:32:08,Pasta - Penne Lisce Dry,2023-05-15,5,83.36,Store,Cash ,0.0
2023-03-28T16:07:23,Chocolate - Milk Callets,2023-04-24,3,54.68,Store,Cash ,0.015
2023-04-01T05:40:47,Bagel - Ched Chs Presliced,2023-05-10,4,143.13,Store,Cash ,0.0
2023-03-16T16:29:09,Horseradish Root,2023-03-22,14,140.21,App,Visa ,0.195
2023-04-25T15:55:39,Bamboo Shoots - Sliced,2023-05-22,17,4.37,App,Visa ,0.15
2023-05-04T23:02:37,Sauce - Oyster,2023-08-02,1,171.96,Store,Visa ,0.025
2023-03-30T10:01:56,Cotton Wet Mop 16 Oz,2023-05-27,4,206.75,Store,Cash ,0.0
2023-04-13T22:32:53,Cheese - Marble,2023-05-11,11,95.2,Store,Cash ,0.085
2023-04-11T03:00:59,Wine - Cotes Du Rhone Parallele,2023-05-04,7,249.5,App,Visa ,0.085
2023-04-14T10:00:13,Mop Head - Cotton 24 Oz,2023-07-09,15,103.03,Store,Visa ,0.025
2023-04-24T22:44:20,Eggwhite Frozen,2023-07-15,14,239.98,Store,Visa ,0.06
2023-04-08T18:27:42,Truffle Cups - Brown,2023-05-24,5,151.69,Store,Visa ,0.025
2023-04-17T16:51:11,Muskox - French Rack,2023-06-09,10,61.34,App,Visa ,0.085
2023-05-10T17:06:52,Sprite Diet - 355ml,2023-05-15,17,4.52,Store,Cash ,0.175
2023-03-31T04:43:29,Burger Veggie,2023-06-20,10,119.32,Store,Visa ,0.06
2023-04-25T14:07:47,Food Colouring - Orange,2023-06-22,12,110.22,App,Visa ,0.11
2023-04-09T15:49:03,Truffle Cups - White Paper,2023-05-30,11,191.82,App,Visa ,0.11
2023-05-04T00:05:21,Ostrich - Prime Cut,2023-07-01,7,249.79,App,Visa ,0.075
2023-04-04T20:22:34,Sole - Iqf,2023-06-24,17,235.06,App,Visa ,0.15
2023-05-06T17:26:37,Muffin Batt - Carrot Spice,2023-06-14,3,43.01,Store,Cash ,0.0
2023-03-18T04:26:49,Pork - Chop Frenched,2023-04-29,11,56.66,Store,Cash ,0.035
2023-05-07T15:43:33,Bread - Roll Whole Wheat,2023-05-31,9,163.09,Store,Visa ,0.055
2023-04-02T15:14:16,Island Oasis - Peach Daiquiri,2023-05-17,15,199.42,Store,Visa ,0.025
2023-04-17T23:37:19,Cheese - Gouda,2023-05-18,1,214.08,App,Visa ,0.075
2023-04-06T23:53:28,Food Colouring - Green,2023-06-18,3,244.82,App,Visa ,0.05
2023-03-27T10:44:54,Bread - White Sliced,2023-06-13,11,3.7,App,Visa ,0.11
2023-05-01T15:13:56,Parsley - Fresh,2023-07-20,12,174.57,App,Visa ,0.11
2023-03-22T03:58:01,Pop - Club Soda Can,2023-04-26,2,199.86,Store,Cash ,0.0
2023-04-06T04:22:55,Muffin Hinge 117n,2023-07-03,3,23.57,App,Visa ,0.05
2023-03-31T10:28:47,Hipnotiq Liquor,2023-05-10,1,132.92,Store,Visa ,0.025
2023-03-18T23:12:11,Jameson - Irish Whiskey,2023-04-14,10,94.05,App,Visa ,0.085
2023-03-19T19:47:38,Peas Snow,2023-05-06,12,201.55,Store,Cash ,0.035
2023-03-14T17:10:28,Soup - Knorr Ministrone,2023-05-30,7,166.86,App,Visa ,0.075
2023-04-26T20:46:52,Soup Campbells Split Pea And Ham,2023-07-25,6,88.86,App,Visa ,0.075
2023-03-17T10:01:05,Beef - Ox Tongue,2023-06-15,9,41.68,Store,Visa ,0.05
2023-04-14T23:25:41,Water - Aquafina Vitamin,2023-05-05,3,173.65,Store,Cash ,0.045
2023-05-12T15:18:13,Sesame Seed,2023-06-22,5,227.34,Store,Visa ,0.025
2023-03-17T13:36:33,Wine - Soave Folonari,2023-05-10,11,158.85,Store,Visa ,0.06
2023-04-25T16:53:03,Pork - Ham Hocks - Smoked,2023-07-16,6,142.45,App,Visa ,0.075
2023-03-31T00:48:25,Cheese - Woolwich Goat Log,2023-06-02,15,213.3,Store,Cash ,0.05
2023-04-14T11:58:04,Bread - Roll Calabrese,2023-07-04,11,21.13,App,Visa ,0.11
2023-03-27T04:48:10,Pork - Smoked Back Bacon,2023-04-26,10,221.82,App,Visa ,0.085
2023-03-20T19:11:14,Compound - Raspberry,2023-05-17,17,105.46,Store,Visa ,0.075
2023-03-15T02:30:40,Mousse - Banana Chocolate,2023-06-04,5,117.79,App,Visa ,0.05
2023-04-20T15:24:09,Flour - Chickpea,2023-05-07,6,175.29,Store,Visa ,0.09
2023-03-27T15:11:59,Wine - Baron De Rothschild,2023-05-14,16,230.14,Store,Cash ,0.075
2023-05-11T06:37:19,Tart Shells - Savory 3,2023-08-08,10,91.41,App,Visa ,0.085
2023-03-15T09:24:04,Gelatine Leaves - Envelopes,2023-06-07,4,154.74,Store,Cash ,0.0
2023-05-03T13:29:12,Soup - Campbells Beef Barley,2023-05-25,7,11.2,App,Visa ,0.09
2023-03-20T12:53:38,Sugar - Sweet N Low Individual,2023-03-24,1,176.87,Store,Cash ,0.13
2023-04-05T08:03:10,Flour - Fast / Rapid,2023-05-14,3,196.76,Store,Cash ,0.0
2023-05-09T21:44:58,Flower - Leather Leaf Fern,2023-07-27,8,108.89,Store,Cash ,0.025
2023-03-21T09:48:11,Potatoes - Mini Red,2023-06-14,17,19.03,Store,Cash ,0.05
2023-03-16T08:44:26,Cheese - Brick With Pepper,2023-04-10,7,179.52,App,Visa ,0.1
2023-03-30T22:17:21,Tea - Decaf 1 Cup,2023-04-15,5,44.48,Store,Cash ,0.07
2023-04-02T17:35:32,Wine - Prosecco Valdobienne,2023-04-25,12,175.86,App,Visa ,0.11
2023-03-18T06:10:04,Wonton Wrappers,2023-05-06,17,245.21,App,Visa ,0.15
2023-03-23T02:38:25,Oranges,2023-04-30,16,168.9,App,Visa ,0.35
2023-05-01T09:33:01,Vodka - Smirnoff,2023-05-19,6,22.11,Store,Cash ,0.085
2023-05-11T11:28:35,Doilies - 7 Paper,2023-06-20,14,114.09,App,Visa ,0.11
2023-04-26T20:35:06,Sauce - Vodka Blush,2023-06-17,17,11.78,App,Visa ,0.15
2023-03-28T19:02:07,Fruit Salad Deluxe,2023-06-14,12,121.28,Store,Cash ,0.035
2023-03-20T11:43:35,Tray - 16in Rnd Blk,2023-05-09,6,167.8,Store,Visa ,0.05
2023-04-17T16:41:35,Shallots,2023-07-12,6,193.62,App,Visa ,0.075
2023-05-12T11:19:55,Lobak,2023-05-28,2,62.86,App,Visa ,0.095
2023-04-24T07:19:21,The Pop Shoppe - Black Cherry,2023-06-03,7,56.81,Store,Cash ,0.025
2023-05-12T19:20:11,Cheese - Le Cru Du Clocher,2023-05-22,6,66.27,Store,Cash ,0.15
2023-03-19T13:56:38,Bread - Sticks Thin Plain,2023-04-16,10,187.56,App,Visa ,0.085
2023-03-14T02:25:23,Assorted Desserts,2023-03-23,7,15.94,Store,Visa ,0.13
2023-03-27T14:22:47,Shrimp - 31/40,2023-06-04,17,127.13,App,Visa ,0.15
2023-04-02T15:38:18,Appetizer - Shrimp Puff,2023-04-08,16,12.4,Store,Cash ,0.17
2023-03-28T10:05:23,Shortbread - Cookie Crumbs,2023-04-28,6,105.47,Store,Cash ,0.025
2023-05-11T22:39:14,Sausage - Meat,2023-07-28,1,234.17,Store,Cash ,0.0
2023-04-13T19:52:36,Raspberries - Frozen,2023-05-18,9,193.27,Store,Cash ,0.025
2023-03-19T04:10:35,Carbonated Water - Lemon Lime,2023-04-03,3,17.15,Store,Cash ,0.075
2023-05-08T23:02:57,Cookie Dough - Oatmeal Rasin,2023-05-28,1,221.69,Store,Visa ,0.075
2023-05-11T00:43:02,Coffee Cup 16oz Foam,2023-07-15,12,188.64,Store,Cash ,0.035
2023-04-14T14:12:05,Cheese - Swiss,2023-05-20,8,197.96,Store,Visa ,0.075
2023-03-24T11:51:37,Flour - Whole Wheat,2023-06-13,15,230.0,Store,Cash ,0.0
2023-03-26T06:45:10,Tobasco Sauce,2023-04-01,1,158.62,Store,Visa ,0.145
2023-04-06T15:07:20,Vegetable - Base,2023-05-19,4,7.2,Store,Visa ,0.025
2023-04-12T06:23:44,Macaroons - Two Bite Choc,2023-06-02,4,180.79,Store,Visa ,0.025
2023-04-10T21:14:05,Iced Tea - Lemon 460 Ml,2023-04-23,13,7.96,Store,Cash ,0.12
2023-04-10T20:58:46,Cookie Chocolate Chip With,2023-05-21,3,101.45,Store,Cash ,0.0
2023-04-19T16:58:21,Wine - Chardonnay Mondavi,2023-06-11,8,62.95,App,Visa ,0.075
2023-03-14T01:25:43,Kale - Red,2023-06-01,17,125.13,Store,Visa ,0.075
2023-04-05T13:08:05,Chevere Logs,2023-06-06,6,99.87,App,Visa ,0.075
2023-04-10T06:05:12,Fondant - Icing,2023-06-17,8,161.12,Store,Visa ,0.05
2023-04-02T15:00:45,Table Cloth 53x53 White,2023-04-20,8,245.07,Store,Cash ,0.085
2023-04-20T23:29:15,Soup - Campbells Asian Noodle,2023-05-14,2,213.54,Store,Visa ,0.055
2023-04-14T18:42:40,Pate - Cognac,2023-07-13,12,223.77,Store,Cash ,0.035
2023-04-30T18:13:46,Turnip - White,2023-07-12,1,239.67,Store,Cash ,0.0
2023-04-06T20:53:43,Cheese - Woolwich Goat Log,2023-05-10,6,153.26,Store,Cash ,0.075
2023-04-23T22:27:09,Oil - Shortening - All - Purpose,2023-07-13,17,145.27,App,Visa ,0.15
2023-04-23T03:12:57,Thyme - Fresh,2023-06-20,3,29.72,Store,Cash ,0.0
2023-05-04T14:50:02,Hagen Daza - Dk Choocolate,2023-05-08,15,122.94,Store,Visa ,0.155
2023-03-26T01:38:32,Yoplait - Strawbrasp Peac,2023-06-15,5,69.06,App,Visa ,0.05
2023-04-20T19:33:50,Cream - 35%,2023-07-03,7,203.34,App,Visa ,0.075
2023-03-18T15:06:33,Lemon Balm - Fresh,2023-05-28,14,58.77,App,Visa ,0.11
2023-04-07T13:33:13,Cheese - Grie Des Champ,2023-05-10,6,40.56,Store,Visa ,0.075
2023-03-30T09:56:14,Stock - Beef White,2023-05-02,9,60.72,Store,Cash ,0.025
2023-03-26T23:05:15,Onions - Cippolini,2023-04-10,4,161.28,App,Visa ,0.1
2023-04-25T20:11:30,Beef - Tender Tips,2023-05-01,3,5.69,Store,Visa ,0.145
2023-03-18T20:21:25,Beer - Guiness,2023-03-19,16,232.34,Store,Cash ,0.195
2023-03-15T07:13:34,Soup - Campbells Beef Stew,2023-05-22,2,208.53,App,Visa ,0.05
2023-04-04T22:37:44,Soup - Chicken And Wild Rice,2023-06-17,12,126.06,Store,Cash ,0.035
2023-03-16T22:01:40,Ice Cream - Life Savers,2023-06-14,13,6.12,Store,Visa ,0.06
2023-05-03T21:51:16,Pork - Backfat,2023-06-06,3,209.35,Store,Cash ,0.0
2023-05-08T11:45:09,Pecan Raisin - Tarts,2023-05-27,14,122.75,Store,Cash ,0.09
2023-04-16T19:15:11,Brocolinni - Gaylan Chinese,2023-04-27,6,111.13,Store,Cash ,0.12
2023-04-25T03:07:28,Cheese - Manchego Spanish,2023-06-02,15,7.6,App,Visa ,0.125
2023-04-26T21:50:58,Mustard - Pommery,2023-07-09,14,125.39,Store,Cash ,0.035
2023-04-01T09:22:10,Potatoes - Mini Red,2023-06-28,11,225.48,Store,Visa ,0.06
2023-03-26T09:45:57,Pastry - Carrot Muffin - Mini,2023-04-24,6,241.17,Store,Cash ,0.03
2023-04-20T11:07:29,Sparkling Wine - Rose Freixenet,2023-04-26,15,245.79,Store,Cash ,0.145
2023-04-14T09:09:08,Jam - Blackberry 20 Ml Jar,2023-06-30,14,64.57,Store,Visa ,0.06
2023-03-20T02:20:02,Stock - Fish,2023-05-14,12,94.25,App,Visa ,0.11
2023-04-10T16:55:57,Poppy Seed,2023-06-10,9,51.14,Store,Visa ,0.05
2023-05-04T02:48:07,Fond - Neutral,2023-07-06,15,108.81,Store,Visa ,0.025
2023-03-17T11:56:52,Artichoke - Fresh,2023-05-08,14,219.95,App,Visa ,0.11
2023-03-13T00:58:13,Muffin - Zero Transfat,2023-04-24,3,127.44,Store,Cash ,0.0
2023-03-13T03:09:59,Soup - Campbells Bean Medley,2023-06-10,16,162.4,App,Visa ,0.15
2023-03-22T09:32:58,Canadian Emmenthal,2023-04-10,16,240.98,Store,Cash ,0.105
2023-04-10T11:26:23,Corn - On The Cob,2023-06-04,15,245.09,App,Visa ,0.1
2023-03-26T13:57:22,Lamb Rack Frenched Australian,2023-05-03,1,138.86,Store,Visa ,0.025
2023-03-13T18:45:43,Pastry - Baked Cinnamon Stick,2023-05-13,17,166.51,Store,Visa ,0.075
2023-04-14T07:57:13,Tortillas - Flour 12,2023-05-03,6,49.16,App,Visa ,0.105
2023-04-03T21:03:22,Steampan - Lid For Half Size,2023-05-21,15,233.85,Store,Cash ,0.0
2023-04-05T18:20:59,Capon - Breast Double Wing On,2023-06-08,3,220.85,Store,Cash ,0.0
2023-05-03T04:14:09,Loquat,2023-06-24,14,174.21,Store,Cash ,0.035
2023-04-08T11:46:43,Juice - Ocean Spray Cranberry,2023-05-10,7,189.75,Store,Visa ,0.05
2023-05-11T05:55:06,Beef - Inside Round,2023-06-23,7,1.36,Store,Cash ,0.025
2023-05-12T23:54,Pancetta,2023-07-13,6,181.83,Store,Visa ,0.05
2023-04-09T17:10:08,Garlic - Elephant,2023-04-19,17,132.65,Store,Cash ,0.15
2023-05-02T11:25:43,Ranchero - Primerba Paste,2023-07-01,8,162.54,App,Visa ,0.075
2023-04-02T03:01:54,Wine - Charddonnay Errazuriz,2023-05-15,3,92.21,Store,Visa ,0.05
2023-03-16T00:31:31,Potatoes - Peeled,2023-04-16,5,78.01,App,Visa ,0.05
2023-04-28T20:54:33,Triple Sec - Mcguinness,2023-05-18,4,44.35,Store,Cash ,0.05
2023-04-06T19:22:42,Longos - Penne With Pesto,2023-04-14,15,186.92,Store,Cash ,0.11
2023-03-22T20:51:43,Onions - Red Pearl,2023-05-16,2,208.6,Store,Visa ,0.025
2023-05-04T02:10:37,Pepper - Black Crushed,2023-07-02,16,152.4,Store,Visa ,0.075
2023-04-01T11:09:06,Fond - Neutral,2023-06-02,11,103.06,App,Visa ,0.11
2023-04-01T19:38:16,Beer - Paulaner Hefeweisse,2023-06-28,13,37.05,Store,Visa ,0.06
2023-04-30T16:17:44,Sage Derby,2023-07-06,12,41.48,App,Visa ,0.11
2023-03-14T04:17:01,Pasta - Fusili Tri - Coloured,2023-05-01,17,70.45,App,Visa ,0.15
2023-03-25T09:11:42,Lady Fingers,2023-03-28,13,223.14,App,Visa ,0.21
2023-03-17T16:10:38,Pop - Club Soda Can,2023-05-06,7,128.83,Store,Cash ,0.025
2023-05-12T16:43:34,Cardamon Ground,2023-06-19,7,84.84,App,Visa ,0.075
2023-04-01T04:03:39,Ice Cream - Life Savers,2023-04-06,5,53.47,Store,Visa ,0.15
2023-03-20T19:40:42,Five Alive Citrus,2023-03-27,4,51.52,Store,Visa ,0.14
2023-03-21T05:36:28,Bagel - 12 Grain Preslice,2023-06-03,7,169.41,Store,Visa ,0.05
2023-04-28T09:58:51,Cheese - Augre Des Champs,2023-07-16,15,113.75,Store,Cash ,0.05
2023-03-14T06:48:14,Chocolate - Milk Callets,2023-05-09,1,57.02,App,Visa ,0.05
2023-03-15T04:21:13,Tea Leaves - Oolong,2023-03-18,14,75.78,Store,Cash ,0.17
2023-04-14T13:24:56,Chilli Paste Hot Sambal Oelek,2023-05-16,15,20.58,Store,Cash ,0.0
2023-04-09T07:02:26,Red Cod Fillets - 225g,2023-06-15,14,234.77,Store,Cash ,0.035
2023-03-27T20:04:45,Fuji Apples,2023-05-10,14,130.74,Store,Cash ,0.035
2023-05-03T23:36:50,Bread - Assorted Rolls,2023-07-01,2,214.24,Store,Cash ,0.0
2023-04-23T16:03:53,Cocktail Napkin Blue,2023-06-11,3,5.02,Store,Cash ,0.0
2023-04-24T05:11:34,Soup - French Onion Dry,2023-06-05,7,157.84,Store,Visa ,0.05
2023-03-29T08:29:24,Coffee - Irish Cream,2023-04-25,12,201.33,Store,Cash ,0.05
2023-03-17T01:02:09,Glycerine,2023-06-02,16,240.75,App,Visa ,0.15
2023-04-21T02:12:31,Lobster - Base,2023-06-18,6,232.62,Store,Cash ,0.025
2023-03-21T00:44:11,Milk - Skim,2023-04-01,16,82.01,Store,Visa ,0.145
2023-04-26T15:15:56,Cookie Choc,2023-06-09,14,236.92,Store,Cash ,0.035
2023-04-28T04:47:35,Beer - Steamwhistle,2023-07-26,16,64.97,App,Visa ,0.15
2023-03-29T18:12:21,Spinach - Spinach Leaf,2023-06-18,4,71.74,Store,Cash ,0.0
2023-03-15T15:02:23,Chinese Foods - Chicken Wing,2023-06-09,16,215.06,App,Visa ,0.15
2023-05-03T09:46:33,Cranberries - Frozen,2023-05-11,9,215.56,Store,Cash ,0.135
2023-04-13T06:42:46,Soup - Campbells Chili,2023-06-11,15,116.4,Store,Cash ,0.0
2023-05-11T19:22:18,General Purpose Trigger,2023-05-14,9,243.88,Store,Cash ,0.16
2023-03-24T04:46:10,Liqueur Banana Ramazzotti,2023-03-26,13,131.39,App,Visa ,0.215
2023-04-21T14:58:24,Bagelers,2023-06-13,16,202.73,Store,Cash ,0.05
2023-03-17T13:28:12,Chocolate Bar - Smarties,2023-05-03,6,36.23,Store,Visa ,0.05
2023-03-23T22:56:22,Longos - Greek Salad,2023-06-03,16,49.18,Store,Cash ,0.3
2023-04-28T22:54:23,Beer - Blue Light,2023-07-04,8,38.44,Store,Cash ,0.025
2023-05-07T09:49:52,Ice Cream - Super Sandwich,2023-07-07,16,63.29,App,Visa ,0.15
2023-05-05T04:41:27,Bacardi Breezer - Tropical,2023-06-05,11,6.02,App,Visa ,0.11
2023-04-07T01:16:04,Beef - Montreal Smoked Brisket,2023-05-27,15,214.75,App,Visa ,0.1
2023-03-24T05:31:14,Sprouts Dikon,2023-05-18,11,198.74,Store,Cash ,0.035
2023-03-13T16:36:47,Pasta - Bauletti Chicken White,2023-05-10,9,210.88,Store,Cash ,0.025
2023-04-08T07:21:03,Chicken - Ground,2023-04-29,12,91.7,Store,Cash ,0.08
2023-04-10T12:38:49,Wine - White French Cross,2023-06-15,14,105.92,Store,Cash ,0.06
2023-05-05T13:35:05,Appetizer - Tarragon Chicken,2023-06-18,12,217.6,Store,Cash ,0.035
2023-05-06T04:42:31,Phyllo Dough,2023-06-18,7,249.92,Store,Cash ,0.025
2023-04-14T22:27:33,Cheese - Camembert,2023-05-21,6,75.17,App,Visa ,0.1
2023-05-01T21:35:09,Jam - Raspberry,2023-05-30,3,71.6,Store,Cash ,0.005
2023-05-12T03:56:37,Wine - Pinot Noir Mondavi Coastal,2023-05-16,15,114.42,Store,Cash ,0.155
2023-05-04T10:51:23,Creamers - 10%,2023-07-13,16,182.77,App,Visa ,0.15
2023-03-20T15:30:04,Wine - Chablis 2003 Champs,2023-05-26,10,88.12,Store,Cash ,0.06
2023-03-19T01:40:42,Wine - Rosso Del Veronese Igt,2023-06-17,10,110.96,Store,Cash ,0.06
2023-04-25T19:43:59,Filter - Coffee,2023-06-27,12,48.79,Store,Visa ,0.06
2023-03-13T23:08:11,Ice Cream Bar - Oreo Sandwich,2023-04-15,7,233.66,Store,Cash ,0.025
2023-03-23T04:30:39,Ham - Proscuitto,2023-06-13,14,162.01,Store,Visa ,0.285
2023-04-02T19:33:22,Juice - Apple 341 Ml,2023-04-06,9,65.97,App,Visa ,0.18
2023-04-23T00:17:30,Magnotta Bel Paese Red,2023-06-28,4,9.69,App,Visa ,0.05
2023-04-12T13:14:42,Sauce Bbq Smokey,2023-05-21,1,111.91,Store,Cash ,0.0
2023-03-14T07:43:19,Mix Pina Colada,2023-05-18,11,132.35,Store,Visa ,0.06
2023-03-29T00:52:37,Chicken - Whole Roasting,2023-06-09,3,226.77,App,Visa ,0.05
2023-04-29T17:33:34,Sprouts - Peppercress,2023-07-28,15,83.76,App,Visa ,0.1
2023-03-17T04:28:31,Sugar Thermometer,2023-06-08,9,35.86,Store,Cash ,0.025
2023-05-02T04:32:05,Butter - Pod,2023-05-25,9,6.64,App,Visa ,0.085
2023-05-12T17:52:52,Garam Marsala,2023-06-09,8,42.36,Store,Cash ,0.035
2023-05-08T21:03:19,Mudslide,2023-06-09,7,128.4,Store,Cash ,0.025
2023-03-17T02:31:48,Ecolab - Ster Bac,2023-06-03,7,127.84,Store,Visa ,0.05
2023-05-01T20:17:15,Noodles - Cellophane Thin,2023-07-14,17,171.0,Store,Cash ,0.05
2023-04-16T07:06:18,Appetizer - Southwestern,2023-06-30,11,124.86,Store,Cash ,0.035
2023-04-21T21:41:38,Thyme - Dried,2023-06-29,3,85.66,App,Visa ,0.05
2023-04-19T17:49:57,Coffee - French Vanilla Frothy,2023-05-03,4,181.44,Store,Visa ,0.105
2023-04-09T18:46:33,Ecolab - Solid Fusion,2023-07-06,4,11.47,Store,Cash ,0.0
2023-04-21T13:17:22,Sour Puss - Tangerine,2023-06-20,9,187.57,Store,Visa ,0.05
2023-03-28T22:07:16,Napkin Colour,2023-06-01,3,95.55,Store,Cash ,0.0
2023-03-16T14:31:20,Passion Fruit,2023-04-13,5,47.25,Store,Visa ,0.035
2023-04-21T15:23:09,Beef - Tenderloin Tails,2023-06-25,6,216.68,App,Visa ,0.075
2023-05-06T16:07:14,Calypso - Strawberry Lemonade,2023-05-28,8,136.78,App,Visa ,0.09
2023-05-03T06:16:59,Soupfoamcont12oz 112con,2023-07-21,13,60.32,Store,Visa ,0.06
2023-03-14T06:34:45,Fudge - Cream Fudge,2023-03-23,12,225.99,App,Visa ,0.18
2023-05-10T21:41:33,Gingerale - Diet - Schweppes,2023-05-23,10,193.2,Store,Visa ,0.12
2023-05-05T17:09:34,Trueblue - Blueberry 12x473ml,2023-07-19,3,51.38,Store,Cash ,0.0
2023-04-20T15:30:25,Calypso - Black Cherry Lemonade,2023-05-12,12,8.31,Store,Cash ,0.075
2023-05-07T12:20:47,Puree - Raspberry,2023-05-23,10,134.58,Store,Cash ,0.105
2023-03-17T18:56,Pate - Cognac,2023-04-28,1,70.2,Store,Cash ,0.0
2023-04-07T00:39:01,Hipnotiq Liquor,2023-06-04,16,22.23,Store,Cash ,0.05
2023-04-04T22:17:57,Icecream - Dstk Cml And Fdg,2023-04-12,3,184.39,Store,Cash ,0.11
2023-04-23T23:10:15,Muffin Mix - Carrot,2023-05-12,12,228.89,Store,Visa ,0.09
2023-04-25T23:39:42,Mushroom - Morels Dry,2023-06-14,15,50.24,Store,Visa ,0.025
2023-04-29T01:07:53,Foie Gras,2023-07-22,6,28.35,App,Visa ,0.075
2023-04-02T05:58:49,Pepperoni Slices,2023-04-30,8,130.02,Store,Visa ,0.05
2023-03-13T02:43:21,Cake - Sheet Strawberry,2023-05-03,11,218.23,Store,Cash ,0.035
2023-04-25T04:56:41,Mahi Mahi,2023-05-22,6,17.81,App,Visa ,0.075
2023-03-13T00:45:27,Beans - Yellow,2023-04-14,17,138.42,Store,Cash ,0.05
2023-04-17T08:18:56,Mushrooms - Honey,2023-06-05,4,144.18,App,Visa ,0.05
2023-04-23T18:08:37,Longos - Lasagna Beef,2023-05-27,12,236.92,Store,Cash ,0.035
2023-04-26T20:09:24,Food Colouring - Blue,2023-06-17,3,216.56,Store,Cash ,0.0
2023-05-04T12:16,Veal - Provimi Inside,2023-07-01,14,166.26,Store,Cash ,0.035
2023-04-22T19:25:09,Olive - Spread Tapenade,2023-06-03,6,188.99,Store,Visa ,0.05
2023-04-04T11:37:18,Foil - Round Foil,2023-04-29,9,135.32,Store,Cash ,0.05
2023-03-23T06:42:04,Scallops - U - 10,2023-04-29,16,15.66,Store,Cash ,0.3
2023-04-06T06:49:27,Bag - Bread White Plain,2023-05-10,16,108.67,Store,Cash ,0.05
2023-05-06T22:18:04,Carbonated Water - Raspberry,2023-07-21,6,111.15,App,Visa ,0.075
2023-03-13T09:21:08,Wine - Segura Viudas Aria Brut,2023-04-12,12,70.29,Store,Visa ,0.06
2023-04-22T01:40:32,Amarula Cream,2023-04-28,13,50.37,App,Visa ,0.195
2023-04-23T13:34:30,Salmon - Atlantic No Skin,2023-05-31,10,206.7,App,Visa ,0.085
2023-04-19T07:18:23,Sugar Thermometer,2023-06-14,14,196.59,Store,Cash ,0.035
2023-04-03T08:09:35,Liqueur - Melon,2023-04-18,11,212.54,Store,Cash ,0.11
2023-04-25T18:29:25,Madeira,2023-07-18,14,129.0,Store,Cash ,0.035
2023-04-27T11:46:01,Flower - Commercial Spider,2023-07-09,4,134.57,Store,Visa ,0.025
2023-03-19T10:24:20,Capon - Breast Double Wing On,2023-05-23,6,32.99,App,Visa ,0.075
2023-04-11T12:15:59,Smoked Tongue,2023-06-19,11,116.12,Store,Visa ,0.06
2023-04-17T14:38:21,Apple - Fuji,2023-05-17,2,236.66,App,Visa ,0.05
2023-04-20T16:36:11,Pork - Bacon Double Smoked,2023-06-26,17,160.41,App,Visa ,0.15
2023-04-27T14:50:35,Island Oasis - Peach Daiquiri,2023-06-14,8,21.59,App,Visa ,0.075
2023-04-29T04:22:52,Pepper - Chipotle Canned,2023-06-15,1,82.75,Store,Cash ,0.0
2023-04-25T08:29:05,Wine - Duboeuf Beaujolais,2023-07-09,8,231.85,Store,Cash ,0.05
2023-04-08T02:41:41,Soup - Knorr Classic Can. Chili,2023-05-21,6,75.73,Store,Visa ,0.05
2023-04-24T14:45:51,Water - Spring Water 355 Ml,2023-07-08,9,246.21,App,Visa ,0.075
2023-03-23T17:50:32,Onions - Green,2023-05-02,17,71.44,App,Visa ,0.35
2023-04-18T06:30:13,Rice - Jasmine Sented,2023-06-24,13,145.71,Store,Cash ,0.035
2023-04-29T19:29:28,Snapple Lemon Tea,2023-07-03,13,90.59,Store,Visa ,0.06
2023-05-11T22:11:30,Nut - Cashews Whole Raw,2023-06-06,9,123.2,Store,Visa ,0.05
2023-04-07T20:56:10,Bread - Triangle White,2023-05-09,15,181.13,App,Visa ,0.1
2023-04-26T22:43:57,Pasta - Rotini Colour Dry,2023-07-17,4,200.73,Store,Visa ,0.025
2023-03-29T07:17:50,Milk - Skim,2023-04-10,4,230.51,Store,Cash ,0.09
2023-05-01T22:40:15,Beans - Green,2023-07-05,15,112.63,App,Visa ,0.1
2023-04-21T13:18:37,Longos - Lasagna Beef,2023-05-14,9,247.62,Store,Cash ,0.06
2023-04-27T19:33:51,Bread - Olive Dinner Roll,2023-06-04,8,2.23,App,Visa ,0.075
2023-03-19T14:11:37,Soup - French Can Pea,2023-06-09,10,86.47,Store,Visa ,0.06
2023-03-16T22:47:02,Corn Meal,2023-03-17,16,24.53,Store,Cash ,0.195
2023-04-17T12:07:50,Jerusalem Artichoke,2023-06-15,4,203.16,Store,Visa ,0.025
2023-05-12T22:48:26,Ocean Spray - Kiwi Strawberry,2023-07-31,11,175.29,Store,Visa ,0.06
2023-04-06T08:50:49,Silicone Parch. 16.3x24.3,2023-06-04,2,38.77,Store,Visa ,0.025
2023-05-06T08:46:29,Sachet,2023-05-14,5,81.34,Store,Cash ,0.11
2023-03-19T23:34:54,Spaghetti Squash,2023-03-30,9,10.77,Store,Cash ,0.12
2023-04-11T07:57:41,Coffee Beans - Chocolate,2023-06-02,12,102.37,Store,Visa ,0.06
2023-04-26T07:18:24,Bread - Flat Bread,2023-05-29,13,245.49,App,Visa ,0.11
2023-04-20T23:21:10,Egg Patty Fried,2023-05-02,7,182.62,Store,Cash ,0.115
2023-04-09T00:28:32,Grenadillo,2023-07-08,7,70.22,App,Visa ,0.075
2023-03-30T13:03:24,Island Oasis - Peach Daiquiri,2023-06-04,13,67.7,Store,Cash ,0.035
2023-04-12T21:08:13,Marsala - Sperone Fine D.o.c.,2023-04-22,12,113.77,Store,Cash ,0.135
2023-04-28T10:52:25,Snapple - Mango Maddness,2023-05-06,1,111.28,Store,Cash ,0.11
2023-03-21T23:11:14,Wine - Sake,2023-04-09,11,125.98,App,Visa ,0.13
2023-05-07T07:31:17,Bread - Sticks Thin Plain,2023-05-30,16,133.65,Store,Cash ,0.085
2023-04-28T22:58:25,Sugar - Fine,2023-05-02,12,109.82,Store,Cash ,0.165
2023-04-15T14:10:49,Snapple Lemon Tea,2023-06-16,1,237.89,Store,Cash ,0.0
2023-04-24T17:21:47,Trout - Rainbow Fresh,2023-07-23,12,185.12,Store,Cash ,0.035
2023-03-29T09:52:28,Chutney Sauce - Mango,2023-06-13,8,216.72,Store,Visa ,0.05
2023-04-01T00:40:04,Wine - Placido Pinot Grigo,2023-06-24,8,176.57,App,Visa ,0.075
2023-04-02T23:22:46,Lobster - Live,2023-04-29,13,186.23,Store,Cash ,0.05
2023-03-15T20:52:20,Pastry - Key Limepoppy Seed Tea,2023-03-20,4,112.38,Store,Visa ,0.15
2023-03-19T06:39:11,Pepper - Julienne Frozen,2023-04-19,2,236.64,Store,Visa ,0.025
2023-04-28T19:06:52,Tomatoes,2023-06-16,14,8.53,App,Visa ,0.11
2023-03-20T01:58:57,Water - Evian 355 Ml,2023-04-04,17,143.49,Store,Visa ,0.125
2023-04-13T07:29:35,Beer - Maudite,2023-07-11,15,176.36,Store,Cash ,0.0
2023-05-01T20:30:37,Bouillion - Fish,2023-07-30,6,91.44,Store,Cash ,0.025
2023-04-13T20:37:32,Edible Flower - Mixed,2023-06-17,11,58.36,App,Visa ,0.11
2023-04-13T09:39:56,Split Peas - Green Dry,2023-04-19,2,204.16,App,Visa ,0.145
2023-05-05T23:46:11,Fib N9 - Prague Powder,2023-07-09,1,4.5,Store,Cash ,0.0
2023-04-09T01:20:28,Pickle - Dill,2023-04-22,13,130.2,App,Visa ,0.16
2023-03-30T12:33:04,Truffle Cups - Red,2023-04-04,13,143.75,App,Visa ,0.2
2023-04-13T15:43:17,Broom - Angled,2023-06-23,17,243.87,Store,Cash ,0.05
2023-03-30T21:19:58,Juice - Tomato 48 Oz,2023-06-26,6,15.79,Store,Visa ,0.05
2023-04-12T12:58:01,Sauce - Plum,2023-07-04,13,83.88,Store,Cash ,0.035
2023-04-16T07:07:28,Wine - Red Cabernet Merlot,2023-05-26,5,185.28,Store,Visa ,0.05
2023-05-02T12:18:24,Cheese - Brie Cups 125g,2023-05-30,14,96.63,App,Visa ,0.125
2023-03-26T10:00:50,Horseradish Root,2023-06-05,15,10.34,App,Visa ,0.1
2023-04-23T12:46:57,Turnip - Wax,2023-06-15,15,94.8,Store,Cash ,0.0
2023-03-23T11:37:30,Cumin - Ground,2023-06-20,9,20.97,Store,Visa ,0.275
2023-04-02T05:25:32,Yogurt - Blueberry 175 Gr,2023-07-01,8,27.4,Store,Cash ,0.025
2023-04-06T14:52:51,Cinnamon Rolls,2023-04-17,5,71.47,Store,Visa ,0.12
2023-05-12T11:09:45,Wine - Vineland Estate Semi - Dry,2023-05-19,11,127.04,Store,Cash ,0.15
2023-03-30T08:39:26,Dome Lid Clear P92008h,2023-04-19,2,122.41,Store,Cash ,0.05
2023-03-19T12:48:25,Beef - Cow Feet Split,2023-04-24,7,151.37,Store,Cash ,0.025
2023-04-02T04:59:11,Mahi Mahi,2023-05-03,1,134.35,App,Visa ,0.05
2023-03-27T10:59,Horseradish Root,2023-04-18,6,190.46,Store,Visa ,0.065
2023-04-21T10:43:40,Bread - Sour Batard,2023-07-14,5,140.94,App,Visa ,0.05
2023-04-15T02:05:37,Sprite Diet - 355ml,2023-06-11,16,135.29,App,Visa ,0.15
2023-03-20T23:15:04,Eggplant Italian,2023-04-11,16,141.4,Store,Cash ,0.09
2023-04-13T13:56:29,Pasta - Bauletti Chicken White,2023-06-05,8,233.12,Store,Cash ,0.025
2023-05-01T00:42:05,Pastry - Key Limepoppy Seed Tea,2023-05-21,8,15.42,Store,Cash ,0.075
2023-04-17T19:59:36,Veal - Tenderloin Untrimmed,2023-05-10,14,191.97,Store,Cash ,0.07
2023-05-12T20:19:23,Bag - Regular Kraft 20 Lb,2023-07-03,11,24.42,App,Visa ,0.11
2023-04-11T10:14:23,Crackers - Soda / Saltins,2023-06-12,13,54.93,Store,Cash ,0.035
2023-03-29T07:15:13,Oysters - Smoked,2023-06-01,17,103.28,Store,Cash ,0.05
2023-05-06T15:48:53,Water - Mineral Natural,2023-05-24,5,169.85,Store,Cash ,0.06
2023-03-21T09:44:43,Beef - Salted,2023-06-12,4,71.58,Store,Cash ,0.0
2023-04-07T02:10:06,Wine - Baron De Rothschild,2023-05-25,1,62.44,App,Visa ,0.05
2023-05-12T09:51:27,Juice - Pineapple 341 Ml,2023-08-04,2,146.2,App,Visa ,0.05
2023-05-04T21:59:51,Ice Cream Bar - Oreo Sandwich,2023-05-18,5,111.87,Store,Visa ,0.105
2023-04-07T16:36:04,Beef - Roasted Cooked,2023-05-11,14,41.46,Store,Cash ,0.035
2023-03-29T15:02:44,Dates,2023-06-06,1,191.02,Store,Cash ,0.0
2023-04-19T22:45:12,Spice - Onion Powder Granulated,2023-07-18,6,43.22,Store,Cash ,0.025
2023-04-11T11:37:08,Creme De Cacao White,2023-05-07,13,71.63,Store,Visa ,0.06
2023-03-23T03:35:55,Oil - Olive,2023-05-30,7,11.72,Store,Cash ,0.275
2023-03-29T00:03:18,Wine - White Concha Y Toro,2023-04-14,8,116.44,Store,Visa ,0.095
2023-03-24T04:33:40,Wine - Bourgogne 2002 La,2023-05-03,2,164.81,Store,Cash ,0.025
2023-04-17T10:18:02,Bread - Rye,2023-05-08,12,158.12,App,Visa ,0.12
2023-03-24T21:01:16,Filter - Coffee,2023-04-19,10,103.78,App,Visa ,0.085
2023-05-12T22:39:17,Pasta - Lasagne Fresh,2023-06-30,16,179.14,Store,Cash ,0.05
2023-05-07T13:46:49,Gherkin,2023-06-15,5,176.37,Store,Cash ,0.0
2023-04-22T18:37:17,Swordfish Loin Portions,2023-05-08,11,14.82,Store,Cash ,0.105
2023-05-02T09:58:19,Sausage - Chorizo,2023-07-31,15,38.38,App,Visa ,0.1
2023-04-21T13:41:53,Sauce - Soy Low Sodium - 3.87l,2023-05-24,17,112.69,Store,Cash ,0.05
2023-04-18T13:37:15,Hinge W Undercut,2023-05-07,15,116.7,Store,Visa ,0.08
2023-04-15T19:17:37,Wine - Fino Tio Pepe Gonzalez,2023-07-08,11,121.46,App,Visa ,0.11
2023-04-06T06:05:36,Container - Foam Dixie 12 Oz,2023-05-05,3,187.58,App,Visa ,0.05
2023-04-10T09:24:21,Pastry - Baked Cinnamon Stick,2023-05-04,11,226.12,Store,Cash ,0.065
2023-04-28T00:13:41,Appetizer - Crab And Brie,2023-07-16,10,87.97,Store,Cash ,0.035
2023-05-07T07:55:25,Carbonated Water - White Grape,2023-05-28,14,241.26,Store,Cash ,0.08
2023-03-25T18:01:23,Wine - Vineland Estate Semi - Dry,2023-06-14,3,211.55,App,Visa ,0.05
2023-04-02T06:15:19,Tomatoes - Yellow Hot House,2023-04-27,1,247.74,Store,Visa ,0.05
2023-04-27T23:15:20,Ice Cream - Turtles Stick Bar,2023-06-03,4,21.62,App,Visa ,0.05
2023-05-01T20:09:01,Lobster - Canned Premium,2023-05-22,3,213.03,App,Visa ,0.07
2023-03-26T05:49:21,Tomatoes - Heirloom,2023-05-28,7,36.84,Store,Visa ,0.05
2023-05-03T04:46:30,Bread - Sour Batard,2023-05-12,4,233.47,Store,Cash ,0.105
2023-04-27T13:48:58,Cheese - Briedanish,2023-05-31,17,138.49,Store,Cash ,0.1
2023-05-10T09:49:12,Oil - Sunflower,2023-05-26,14,38.56,Store,Visa ,0.105
2023-04-27T06:23:59,Milkettes - 2%,2023-07-11,17,166.49,Store,Cash ,0.05
2023-03-25T17:01:49,Mushroom - Shitake Dry,2023-05-11,6,205.6,Store,Visa ,0.05
2023-03-24T02:06:40,Langers - Ruby Red Grapfruit,2023-06-04,17,238.93,Store,Cash ,0.05
2023-05-07T02:31:31,Coffee - Frthy Coffee Crisp,2023-05-20,14,227.66,Store,Cash ,0.12
2023-03-30T06:04:33,Wine - Touraine Azay - Le - Rideau,2023-04-12,9,199.39,Store,Visa ,0.11
2023-03-25T12:23:59,Nantucket - 518ml,2023-05-26,13,164.42,App,Visa ,0.11
2023-04-23T07:25:23,Bar Mix - Lime,2023-06-01,10,86.94,Store,Cash ,0.035
2023-04-02T15:51:21,Brandy Apricot,2023-06-27,5,94.28,Store,Cash ,0.0
2023-05-09T09:28:17,Bread - English Muffin,2023-05-15,12,140.76,Store,Cash ,0.155
2023-04-03T05:40:59,Chevril,2023-05-29,11,49.01,App,Visa ,0.11
2023-04-28T22:15:32,Cocoa Feuilletine,2023-05-19,4,47.61,Store,Cash ,0.045
2023-03-18T20:12:52,Spinach - Packaged,2023-04-10,2,227.38,Store,Cash ,0.035
2023-05-11T08:07:35,Tea - Jasmin Green,2023-07-05,6,67.86,Store,Cash ,0.025
2023-05-06T17:50:20,The Pop Shoppe - Root Beer,2023-07-07,4,235.13,Store,Cash ,0.0
2023-03-27T23:00:27,Onions - Cippolini,2023-06-02,15,178.41,App,Visa ,0.1
2023-03-21T15:02:13,Wine - Magnotta - Cab Franc,2023-05-14,17,177.36,Store,Cash ,0.075
2023-03-25T11:36:29,Chicken - Tenderloin,2023-04-26,15,96.03,Store,Cash ,0.0
2023-04-15T19:14:59,Scallops - 10/20,2023-07-10,4,34.29,Store,Cash ,0.0
2023-03-20T11:44:21,Wine - Vovray Sec Domaine Huet,2023-05-12,3,156.18,Store,Cash ,0.025
2023-04-05T23:20:42,Lime Cordial - Roses,2023-05-19,11,207.53,App,Visa ,0.11
2023-05-10T10:36:14,Muffin Hinge 117n,2023-07-12,8,211.66,Store,Visa ,0.05
2023-04-28T15:36:54,Beer - True North Lager,2023-05-15,17,189.56,Store,Cash ,0.115
2023-03-19T09:20:01,Wine - Red Pinot Noir Chateau,2023-05-09,6,194.58,Store,Cash ,0.05
2023-03-28T07:36:44,Tomato Puree,2023-06-05,17,85.62,Store,Cash ,0.05
2023-04-17T22:11:35,Pork - Ham Virginia,2023-07-01,17,137.5,App,Visa ,0.15
2023-04-03T15:32:48,Jerusalem Artichoke,2023-06-15,16,105.14,App,Visa ,0.15
2023-04-20T12:56:32,Wine - Touraine Azay - Le - Rideau,2023-06-08,7,64.66,App,Visa ,0.075
2023-04-20T15:26:27,Corn - Cream Canned,2023-06-14,7,39.27,Store,Cash ,0.025
2023-03-15T09:31:34,Banana - Green,2023-05-13,1,125.19,App,Visa ,0.05
2023-03-26T04:36:30,Wine - White Ej,2023-05-29,15,212.16,App,Visa ,0.1
2023-04-14T22:24:14,Beer - Fruli,2023-06-27,13,246.13,App,Visa ,0.11
2023-03-26T15:50:55,Wine - Casillero Del Diablo,2023-04-03,2,56.7,App,Visa ,0.135
2023-03-13T15:43:19,Whmis Spray Bottle Graduated,2023-04-20,10,140.94,App,Visa ,0.085
2023-04-02T04:56:01,Shrimp - 16 - 20 Cooked Peeled,2023-05-27,10,220.53,Store,Cash ,0.035
2023-04-15T01:40:20,Water - Mineral Natural,2023-07-09,14,142.72,Store,Visa ,0.06
2023-03-30T02:03:11,Versatainer Nc - 8288,2023-06-22,7,82.05,Store,Cash ,0.025
2023-05-06T06:53:31,Wine - Tribal Sauvignon,2023-07-17,15,57.09,Store,Visa ,0.05
2023-04-16T19:19:03,Beef - Diced,2023-05-17,12,210.3,Store,Cash ,0.035
2023-05-06T02:42:36,Wine - Shiraz South Eastern,2023-07-31,16,172.34,Store,Cash ,0.075
2023-04-07T06:25:31,Fruit Salad Deluxe,2023-06-11,14,141.24,App,Visa ,0.11
2023-04-06T18:28:33,Pepper - Paprika Spanish,2023-05-28,7,72.15,App,Visa ,0.075
2023-04-29T09:04:29,Squid - Breaded,2023-06-07,6,2.65,Store,Cash ,0.025
2023-03-19T00:03:28,Beef - Kobe Striploin,2023-04-29,5,229.73,Store,Cash ,0.0
2023-04-28T19:30:40,Salmon - Atlantic No Skin,2023-07-09,13,83.34,Store,Visa ,0.06
2023-04-24T01:48:01,Juice - Cranberry 341 Ml,2023-07-09,6,31.89,App,Visa ,0.075
2023-04-26T00:10:25,Skirt - 29 Foot,2023-07-02,7,6.35,App,Visa ,0.075
2023-03-17T11:43:34,Lamb - Whole Frozen,2023-04-04,9,240.21,Store,Cash ,0.085
2023-04-10T16:07:20,Cheese - Havarti Roasted Garlic,2023-05-15,3,239.62,App,Visa ,0.075
2023-05-10T09:43:54,Cheese - Goat,2023-05-15,14,65.09,App,Visa ,0.2
2023-03-27T04:24:10,Temperature Recording Station,2023-04-03,13,156.91,Store,Visa ,0.15
2023-05-07T12:54:56,Blueberries - Frozen,2023-07-04,2,213.94,Store,Cash ,0.0
2023-03-18T14:07:32,Shallots,2023-05-22,4,245.4,App,Visa ,0.05
2023-05-05T19:33:28,Bar Mix - Lemon,2023-05-30,6,109.11,Store,Visa ,0.05
2023-04-16T23:03:31,Vinegar - Balsamic White,2023-05-18,3,128.55,Store,Visa ,0.025
2023-03-28T12:45:33,Pepper - Chipotle Canned,2023-05-05,9,163.06,Store,Visa ,0.05
2023-04-22T02:06:24,Cheese - Marble,2023-05-12,3,40.72,Store,Cash ,0.1
2023-04-02T15:03:28,Sauce - Ranch Dressing,2023-04-05,5,138.93,App,Visa ,0.16
2023-03-17T19:17:04,Milk - Chocolate 250 Ml,2023-05-24,1,138.04,App,Visa ,0.05
2023-04-11T15:07:07,Soup - Base Broth Chix,2023-04-13,9,226.77,Store,Cash ,0.165
2023-03-13T10:40:49,Beef - Kindney Whole,2023-04-04,11,175.49,App,Visa ,0.115
2023-05-07T12:15:34,Bread - White Sliced,2023-06-21,15,89.84,Store,Cash ,0.0
2023-05-08T04:53:25,Wine - Pinot Noir Stoneleigh,2023-06-03,14,88.48,App,Visa ,0.11
2023-03-19T01:14:22,Soup Campbells Split Pea And Ham,2023-03-24,16,220.6,Store,Cash ,0.175
2023-04-19T01:55:22,Pike - Frozen Fillet,2023-07-17,3,246.97,Store,Cash ,0.0
2023-05-04T14:56:59,Edible Flower - Mixed,2023-07-18,6,27.77,Store,Visa ,0.05
2023-04-16T06:15:35,Bread - Corn Muffaleta Onion,2023-05-28,12,54.51,Store,Visa ,0.06
2023-04-07T19:46:16,Ginger - Fresh,2023-04-20,11,129.22,App,Visa ,0.16
2023-03-26T22:13:46,Doilies - 7 Paper,2023-06-19,10,118.43,App,Visa ,0.085
2023-05-07T12:35:22,Onions - White,2023-07-25,9,41.21,Store,Cash ,0.025
2023-04-12T16:23:38,Container - Hngd Cll Blk 7x7x3,2023-06-20,14,115.98,Store,Cash ,0.035
2023-05-06T22:26:19,Oxtail - Cut,2023-07-19,15,53.93,Store,Cash ,0.0
2023-03-17T10:25:59,Juice Peach Nectar,2023-03-27,15,236.75,Store,Visa ,0.125
2023-04-01T09:51:30,Lamb Shoulder Boneless Nz,2023-04-24,2,44.85,Store,Cash ,0.035
2023-04-02T00:09:33,Crab - Claws Snow 16 - 24,2023-05-08,6,53.38,App,Visa ,0.075
2023-05-06T11:01:13,Muffin - Mix - Mango Sour Cherry,2023-05-21,1,120.46,Store,Cash ,0.075
2023-04-16T06:49:22,Soup - French Can Pea,2023-05-06,14,105.55,Store,Visa ,0.085
2023-04-06T11:30:07,Pepper - Gypsy Pepper,2023-06-18,10,124.43,App,Visa ,0.085
2023-05-08T21:23:03,Wooden Mop Handle,2023-07-16,17,221.12,Store,Visa ,0.075
2023-04-10T02:16:56,Chilli Paste Ginger Garlic,2023-07-05,2,25.07,Store,Cash ,0.0
2023-03-24T05:29:45,Tomatoes - Roma,2023-05-11,14,65.78,App,Visa ,0.11
2023-04-18T03:07:33,Dried Peach,2023-04-29,15,218.55,Store,Cash ,0.095
2023-05-06T07:46:23,Lumpfish Black,2023-05-15,5,196.47,App,Visa ,0.13
2023-05-01T23:18:04,Lettuce Romaine Chopped,2023-07-09,13,141.92,Store,Visa ,0.06
2023-03-14T09:30:28,Danishes - Mini Raspberry,2023-05-06,12,163.31,Store,Cash ,0.035
2023-04-15T20:36:12,Crush - Cream Soda,2023-05-15,1,174.23,App,Visa ,0.05
2023-04-29T05:33:03,Cream - 35%,2023-05-11,10,105.23,Store,Cash ,0.125
2023-04-08T15:18:31,Sauerkraut,2023-05-14,14,164.65,App,Visa ,0.11
2023-04-05T10:34:49,Cup Translucent 9 Oz,2023-04-20,15,173.74,App,Visa ,0.15
2023-04-08T18:25:43,Cheese - Parmesan Grated,2023-05-29,5,204.0,Store,Visa ,0.075
2023-04-22T10:40:47,Pastry - Mini French Pastries,2023-05-23,5,128.64,App,Visa ,0.05
2023-04-26T16:47:54,Cape Capensis - Fillet,2023-05-05,7,36.43,App,Visa ,0.155
2023-04-21T17:53:09,Ocean Spray - Ruby Red,2023-06-28,7,82.37,Store,Cash ,0.025
2023-04-23T01:49:09,Veal - Insides Grains,2023-07-04,9,194.02,Store,Cash ,0.025
2023-04-03T15:21:37,Squid - Breaded,2023-04-25,2,131.02,Store,Cash ,0.04
2023-04-01T12:16:37,Initation Crab Meat,2023-05-26,6,98.29,Store,Cash ,0.025
2023-03-30T10:42:50,Pate - Liver,2023-05-31,17,92.53,App,Visa ,0.15
2023-05-06T13:03:46,Pasta - Penne Rigate Dry,2023-05-16,16,221.46,Store,Cash ,0.15
2023-04-07T15:23:41,Samosa - Veg,2023-06-19,13,233.69,Store,Cash ,0.035
2023-03-15T20:46:44,Trueblue - Blueberry 12x473ml,2023-05-11,9,72.06,App,Visa ,0.075
2023-04-17T02:30:28,Wine - German Riesling,2023-04-20,13,248.89,App,Visa ,0.21
2023-04-07T09:47:47,Amarula Cream,2023-04-16,2,239.54,Store,Cash ,0.105
2023-04-17T16:32:10,Pastrami,2023-05-17,3,35.53,Store,Cash ,0.0
2023-04-10T13:01:51,Blue Curacao - Marie Brizard,2023-06-28,3,175.6,Store,Cash ,0.0
2023-03-20T03:19:02,Straws - Cocktale,2023-03-26,10,3.89,Store,Visa ,0.155
2023-04-12T22:36:12,Rabbit - Frozen,2023-04-22,13,149.54,App,Visa ,0.175
2023-04-25T21:14:39,Wine - Domaine Boyar Royal,2023-05-20,5,144.9,Store,Visa ,0.05
2023-03-24T07:55:16,Tomatoes - Roma,2023-04-30,5,192.52,App,Visa ,0.05
2023-03-25T22:46:17,Pork - Loin Bone - In,2023-06-16,17,29.49,Store,Visa ,0.075
2023-04-04T11:23:37,Beef - Ox Tongue Pickled,2023-04-09,15,203.57,Store,Cash ,0.125
2023-03-14T15:38:59,Cup - Translucent 7 Oz Clear,2023-06-02,3,42.68,Store,Cash ,0.0
2023-04-12T07:42:31,Canadian Emmenthal,2023-04-29,11,35.42,Store,Visa ,0.1
2023-04-10T15:59:56,Propel Sport Drink,2023-07-09,10,221.83,Store,Cash ,0.035
2023-04-26T20:32:12,Langers - Mango Nectar,2023-05-24,16,101.45,App,Visa ,0.15
2023-04-07T03:00:50,Sour Puss Sour Apple,2023-05-24,1,236.57,App,Visa ,0.05
2023-04-11T23:57:20,Pomello,2023-06-04,13,60.39,Store,Cash ,0.035
2023-03-27T11:16:56,Cheese Cloth No 100,2023-05-25,17,186.2,App,Visa ,0.15
2023-03-20T07:09:22,Bread Base - Italian,2023-06-01,9,238.44,App,Visa ,0.075
2023-05-12T21:14:45,Soup - Campbells Lentil,2023-05-15,3,22.39,App,Visa ,0.16
2023-03-13T16:31:41,Pepper - Black Crushed,2023-04-30,13,102.37,Store,Cash ,0.035
2023-05-04T16:23:04,Salt - Seasoned,2023-05-08,6,24.64,Store,Cash ,0.155
2023-03-30T17:05:52,Cheese - La Sauvagine,2023-05-17,10,205.46,Store,Cash ,0.085
2023-04-10T09:13:56,Wine - Pinot Noir Latour,2023-05-03,1,120.14,Store,Cash ,0.06
2023-03-14T01:04:13,Sprouts - Peppercress,2023-06-03,5,2.57,App,Visa ,0.05
2023-03-26T10:17:36,Numi - Assorted Teas,2023-05-14,10,88.54,Store,Cash ,0.035
2023-03-29T03:59:31,Sambuca Cream,2023-05-05,12,75.83,App,Visa ,0.11
2023-05-08T06:58:19,Lemonade - Mandarin 591 Ml,2023-06-16,15,137.07,Store,Cash ,0.0
2023-03-22T15:07:58,Melon - Watermelon Seedless,2023-06-19,10,41.32,Store,Cash ,0.035
2023-04-24T01:21:48,Rice Paper,2023-05-15,12,59.57,App,Visa ,0.12
2023-04-18T04:29:39,Fruit Salad Deluxe,2023-06-22,8,238.06,Store,Visa ,0.05
2023-04-20T11:28:43,Mortadella,2023-06-11,6,230.36,App,Visa ,0.075
2023-03-25T02:45:31,Sausage - Meat,2023-04-18,4,30.89,App,Visa ,0.055
2023-05-01T14:06:58,Wine - Fino Tio Pepe Gonzalez,2023-06-01,9,131.13,App,Visa ,0.075
2023-03-18T01:31:41,Cheese - St. Andre,2023-06-16,7,167.82,App,Visa ,0.1
2023-03-17T09:35:50,Oil - Coconut,2023-05-02,17,121.19,Store,Visa ,0.075
2023-04-08T04:53:58,Soup - Campbells Broccoli,2023-06-22,1,144.03,Store,Visa ,0.025
2023-04-19T16:07:37,Cranberries - Dry,2023-07-09,3,139.58,Store,Visa ,0.025
2023-05-11T05:35:33,Ezy Change Mophandle,2023-06-09,8,129.63,Store,Cash ,0.03
2023-05-04T02:01:37,Gherkin,2023-07-08,8,37.53,App,Visa ,0.075
2023-04-17T23:15:38,Carbonated Water - Raspberry,2023-04-24,12,87.07,Store,Cash ,0.15
2023-04-13T02:53:13,Cornstarch,2023-05-14,8,245.26,Store,Cash ,0.025
2023-04-19T12:28:23,Iced Tea Concentrate,2023-06-12,6,163.04,App,Visa ,0.075
2023-04-18T19:56:08,Pasta - Rotini Colour Dry,2023-04-24,4,20.13,Store,Cash ,0.12
2023-04-14T02:03:05,Sour Puss Raspberry,2023-06-07,8,38.32,App,Visa ,0.075
2023-04-24T21:39:45,Bread Country Roll,2023-05-19,2,75.17,Store,Cash ,0.025
2023-03-16T01:23:53,Apple - Fuji,2023-05-21,15,16.35,App,Visa ,0.1
2023-04-27T00:06:59,Soup - Boston Clam Chowder,2023-06-07,6,148.72,Store,Cash ,0.025
2023-04-14T15:16:36,Trout - Smoked,2023-07-08,4,143.96,Store,Cash ,0.0
2023-04-09T07:19:32,Beer - Camerons Cream Ale,2023-05-21,10,57.34,App,Visa ,0.085
2023-04-25T18:52:27,Juice - Orange 341 Ml,2023-06-14,17,178.63,Store,Cash ,0.05
2023-04-09T07:40:06,Pike - Frozen Fillet,2023-06-22,2,119.96,Store,Cash ,0.0
2023-05-02T08:28:25,Crab - Imitation Flakes,2023-05-05,1,206.65,Store,Cash ,0.135
2023-03-19T16:10:40,Bag Clear 10 Lb,2023-04-08,13,41.04,Store,Cash ,0.085
2023-05-10T21:25:14,Wine - Mas Chicet Rose Vintage,2023-07-15,10,102.28,Store,Cash ,0.06
2023-05-04T22:47:52,Yoghurt Tubes,2023-06-10,17,150.47,App,Visa ,0.15
2023-03-17T13:19:20,Milk - Skim,2023-04-19,13,75.7,Store,Cash ,0.035
2023-05-03T18:55:55,Toothpick Frilled,2023-05-06,2,249.77,App,Visa ,0.16
2023-04-06T21:54:23,Table Cloth 120 Round White,2023-06-07,5,126.5,Store,Cash ,0.0
2023-04-09T06:45:06,Vinegar - Balsamic,2023-07-08,14,218.9,App,Visa ,0.11
2023-03-24T03:42:42,Canadian Emmenthal,2023-05-10,15,226.6,Store,Visa ,0.025
2023-03-16T16:46:01,Cookies - Oreo 4 Pack,2023-05-26,2,167.88,Store,Cash ,0.0
2023-05-10T14:56:06,Wine - Red Cooking,2023-06-08,12,117.64,Store,Cash ,0.06
2023-04-09T12:01:25,Appetizer - Asian Shrimp Roll,2023-06-16,12,16.79,App,Visa ,0.11
2023-03-30T11:38:46,Rum - Cream Amarula,2023-06-13,1,134.62,Store,Visa ,0.025
2023-03-15T17:18:08,Lettuce - Frisee,2023-03-21,9,55.73,Store,Cash ,0.145
2023-04-20T13:20:07,Broom And Broom Rack White,2023-07-19,6,104.25,Store,Cash ,0.025
2023-03-14T19:04:34,Squash - Acorn,2023-06-05,11,128.64,Store,Cash ,0.035
2023-04-25T21:04:37,Water - Spring Water 355 Ml,2023-07-16,14,221.91,Store,Cash ,0.035
2023-04-02T07:30:01,Beans - Black Bean Dry,2023-05-19,17,27.22,Store,Cash ,0.05
2023-04-26T02:40:44,Gatorade - Orange,2023-06-09,16,89.79,Store,Cash ,0.05
2023-04-13T02:59:57,Beer - Labatt Blue,2023-05-13,6,39.62,Store,Cash ,0.025
2023-05-08T03:10:15,Soup - Campbells Beef Strogonoff,2023-07-19,9,198.75,Store,Visa ,0.05
2023-04-21T00:23:57,Pears - Fiorelle,2023-05-08,12,214.24,Store,Cash ,0.1
2023-05-03T18:07:37,Pumpkin - Seed,2023-05-20,12,207.73,Store,Cash ,0.1
2023-04-27T00:58:01,Cookie Dough - Peanut Butter,2023-05-20,13,209.91,App,Visa ,0.11
2023-04-03T10:07:14,Cheese - Le Cheve Noir,2023-06-01,15,30.15,App,Visa ,0.125
2023-03-17T23:01:30,Seaweed Green Sheets,2023-06-07,5,92.83,Store,Visa ,0.025
2023-05-01T14:28:38,Truffle Paste,2023-05-16,13,56.91,App,Visa ,0.15
2023-04-24T17:09:05,Mcguinness - Blue Curacao,2023-06-08,17,101.32,Store,Visa ,0.075
2023-03-21T23:48:51,Sugar - White Packet,2023-06-18,7,74.82,Store,Cash ,0.025
2023-03-20T13:56:38,Mushroom - Porcini Frozen,2023-04-15,1,168.44,Store,Cash ,0.02
2023-04-09T23:15:57,Bread - Multigrain Loaf,2023-06-17,1,26.95,Store,Cash ,0.0
2023-04-11T21:08:05,Wine - Magnotta White,2023-05-25,9,165.52,App,Visa ,0.075
2023-05-04T10:30:48,Southern Comfort,2023-05-19,12,209.5,Store,Cash ,0.11
2023-04-02T15:43:28,Bread Base - Italian,2023-04-30,12,215.82,Store,Cash ,0.045
2023-03-19T01:36:20,Wine - Ruffino Chianti,2023-04-23,12,249.0,Store,Cash ,0.06
2023-03-21T23:49:33,Rice - 7 Grain Blend,2023-05-25,3,92.48,Store,Visa ,0.025
2023-05-09T03:36:50,Split Peas - Yellow Dry,2023-06-24,5,45.82,Store,Cash ,0.0
2023-04-27T11:47:22,Oil - Olive Bertolli,2023-07-10,8,27.11,Store,Visa ,0.05
2023-03-26T20:44:59,Lamb - Whole Head Off,2023-04-01,16,43.78,Store,Cash ,0.17
2023-03-29T06:40:13,Basil - Dry Rubbed,2023-06-22,14,62.45,Store,Cash ,0.035
2023-05-01T20:43:31,Kiwi Gold Zespri,2023-07-01,4,8.94,Store,Cash ,0.0
2023-04-08T10:29:40,Cheese - Marble,2023-04-30,1,123.76,App,Visa ,0.09
2023-03-21T03:21:01,Maple Syrup,2023-05-21,10,94.95,Store,Visa ,0.06
2023-04-21T00:38:08,Mushroom - Shitake Fresh,2023-07-09,8,142.17,Store,Cash ,0.025
2023-04-27T17:35:11,Wine - Tio Pepe Sherry Fino,2023-06-06,8,200.62,Store,Cash ,0.05
2023-03-19T10:44:30,Bread - Italian Roll With Herbs,2023-04-14,4,89.82,Store,Cash ,0.02
2023-03-16T05:52:39,Sausage - Meat,2023-05-28,3,78.98,App,Visa ,0.05
2023-03-21T16:19:35,Cheese - Stilton,2023-04-14,10,151.5,Store,Cash ,0.085
2023-03-19T06:22:35,Coconut - Whole,2023-04-28,5,82.22,Store,Visa ,0.025
2023-05-01T14:15:40,Sauce Bbq Smokey,2023-05-04,8,214.28,Store,Cash ,0.16
2023-03-21T18:36:14,Soup - Campbells Beef Noodle,2023-04-13,4,37.25,Store,Cash ,0.035
2023-03-30T00:04:24,Pop - Club Soda Can,2023-05-22,7,44.56,Store,Cash ,0.025
2023-05-05T00:53:13,Vinegar - Balsamic,2023-06-22,3,69.39,Store,Visa ,0.025
2023-05-01T03:17:46,Soup - Verve - Chipotle Chicken,2023-05-27,12,110.59,Store,Cash ,0.055
2023-05-01T10:38:57,Wasabi Powder,2023-07-15,1,150.94,Store,Visa ,0.025
2023-04-20T17:05:15,Beans - Turtle Black Dry,2023-06-18,16,30.29,Store,Cash ,0.05
2023-04-25T19:48:45,Pastry - Mini French Pastries,2023-07-04,1,224.65,Store,Cash ,0.0
2023-04-22T19:02:04,Muffin Mix - Oatmeal,2023-05-22,4,149.11,Store,Cash ,0.0
2023-04-02T07:40:35,Pasta - Cheese / Spinach Bauletti,2023-06-09,10,8.58,App,Visa ,0.1
2023-04-24T11:23:51,7up Diet 355 Ml,2023-05-17,6,9.96,Store,Cash ,0.06
2023-05-06T21:38:02,Soup Campbells Turkey Veg.,2023-06-23,5,59.82,Store,Cash ,0.0
2023-03-23T14:25:46,Muffin - Zero Transfat,2023-04-20,11,66.71,App,Visa ,0.325
2023-04-27T04:56:34,Rum - White Gg White,2023-07-06,17,230.88,Store,Cash ,0.05
2023-04-02T11:22:38,Arizona - Green Tea,2023-06-05,16,229.55,Store,Visa ,0.075
2023-04-05T06:32:20,Tart Shells - Sweet 4,2023-05-06,3,67.73,Store,Cash ,0.0
2023-05-02T21:44:03,Bread - Malt,2023-05-15,14,144.88,Store,Cash ,0.12
2023-04-03T10:06:28,Milk - Buttermilk,2023-04-27,4,166.99,Store,Cash ,0.03
2023-04-03T18:07,Brandy - Orange Mc Guiness,2023-05-03,7,130.18,App,Visa ,0.075
2023-04-11T09:35:44,Wheat - Soft Kernal Of Wheat,2023-06-04,5,124.96,Store,Cash ,0.0
2023-04-04T14:12:28,Snails - Large Canned,2023-04-25,14,24.1,App,Visa ,0.12
2023-04-11T01:58:25,Garbag Bags - Black,2023-05-20,12,77.24,Store,Visa ,0.06
2023-03-29T17:33:34,Persimmons,2023-05-09,5,136.79,App,Visa ,0.05
2023-03-14T07:29:19,Salmon Atl.whole 8 - 10 Lb,2023-04-20,8,156.61,App,Visa ,0.075
2023-03-30T19:13:36,Soup - Campbells Mushroom,2023-04-27,7,109.53,App,Visa ,0.075
2023-04-29T06:25:16,Soup - Campbells Cream Of,2023-05-21,4,112.28,Store,Cash ,0.04
2023-04-10T08:13:59,Stainless Steel Cleaner Vision,2023-07-08,16,189.18,Store,Cash ,0.05
2023-05-01T00:02:16,Juice - Ocean Spray Cranberry,2023-05-27,7,166.35,Store,Cash ,0.045
2023-03-31T03:36:08,Beets,2023-04-29,16,147.22,App,Visa ,0.15
2023-04-04T17:08:36,Fish - Base Bouillion,2023-05-10,4,118.02,App,Visa ,0.05
2023-03-26T17:53:53,Bread - Crumbs Bulk,2023-06-02,13,43.03,App,Visa ,0.11
2023-03-16T08:56:23,Sauce Bbq Smokey,2023-03-21,12,10.45,Store,Visa ,0.16
2023-03-17T05:06:06,Basil - Pesto Sauce,2023-05-09,2,68.81,App,Visa ,0.05
2023-04-17T22:33:53,Macaroons - Two Bite Choc,2023-04-19,4,16.93,App,Visa ,0.165
2023-04-22T00:27:24,Plaintain,2023-07-07,11,238.69,Store,Visa ,0.06
2023-04-04T19:12:19,Cookies Almond Hazelnut,2023-06-12,5,38.24,Store,Visa ,0.025
2023-04-27T22:27:26,Pear - Asian,2023-07-20,14,243.82,App,Visa ,0.11
2023-04-23T10:43:24,Long Island Ice Tea,2023-04-30,3,104.64,Store,Visa ,0.14
2023-03-14T13:04:16,Cheese - St. Paulin,2023-05-22,5,8.91,Store,Cash ,0.05
2023-04-10T15:55:41,Plate Pie Foil,2023-05-13,13,214.06,Store,Visa ,0.06
2023-03-22T19:19:38,Scallops - 20/30,2023-05-24,14,202.69,Store,Cash ,0.035
2023-04-16T18:59:52,Lettuce - Spring Mix,2023-06-24,15,156.02,Store,Visa ,0.025
2023-03-27T06:29:20,Rosemary - Dry,2023-04-06,11,108.69,App,Visa ,0.175
2023-04-13T09:23:20,Chicken Breast Halal,2023-04-28,1,178.75,Store,Cash ,0.075
2023-04-01T22:56:33,Nescafe - Frothy French Vanilla,2023-05-05,12,39.98,Store,Cash ,0.035
2023-03-18T07:44:29,Bread - Raisin Walnut Oval,2023-03-30,5,137.17,Store,Cash ,0.09
2023-04-13T21:02:37,Kahlua,2023-04-24,7,46.35,App,Visa ,0.145
2023-04-07T15:09:40,Bread - Roll Soft White Round,2023-04-09,7,196.49,Store,Cash ,0.165
2023-04-14T22:27:51,7up Diet 355 Ml,2023-06-20,15,123.85,Store,Cash ,0.0
2023-03-21T21:12:03,Chinese Foods - Plain Fried Rice,2023-03-30,16,227.83,Store,Cash ,0.155
2023-04-10T22:56:46,Chicken - Whole,2023-06-20,15,2.58,Store,Cash ,0.0
2023-04-17T09:13:03,Goldschalger,2023-06-08,1,210.04,Store,Cash ,0.0
2023-04-11T20:54:24,External Supplier,2023-05-31,5,142.72,Store,Cash ,0.0
2023-04-02T06:23:56,Wine - Coteaux Du Tricastin Ac,2023-06-04,14,150.4,App,Visa ,0.11
2023-03-19T10:34:32,Vol Au Vents,2023-05-26,1,182.95,Store,Cash ,0.0
2023-04-30T21:03:43,Mushrooms - Honey,2023-05-18,15,129.55,Store,Cash ,0.06
2023-05-08T03:57:46,Tomatoes Tear Drop Yellow,2023-07-15,12,157.22,Store,Visa ,0.06
2023-04-24T15:04:39,Nut - Pecan Halves,2023-06-18,14,153.77,Store,Cash ,0.035
2023-03-25T21:34:07,Yoplait Drink,2023-04-15,4,104.59,App,Visa ,0.07
2023-04-01T15:47:32,Wine - Magnotta - Cab Franc,2023-06-16,1,130.59,App,Visa ,0.05
2023-04-18T18:52:57,Goat - Whole Cut,2023-05-03,1,151.8,Store,Cash ,0.075
2023-04-01T08:04:43,Oil - Pumpkinseed,2023-06-09,1,237.3,Store,Cash ,0.0
2023-04-13T06:21:26,Cookie Trail Mix,2023-05-19,14,172.88,Store,Cash ,0.035
2023-04-25T05:18:41,Veal - Bones,2023-05-20,5,138.77,App,Visa ,0.05
2023-05-01T02:23:37,Goulash Seasoning,2023-06-15,15,164.89,App,Visa ,0.1
2023-04-27T00:20:38,Buffalo - Striploin,2023-07-24,2,101.45,Store,Visa ,0.025
2023-04-29T18:13:04,Juice - Lagoon Mango,2023-06-30,13,234.01,Store,Cash ,0.035
2023-03-30T08:01:09,Milk - Chocolate 250 Ml,2023-04-05,12,133.88,App,Visa ,0.195
2023-05-10T02:05:29,Flower - Leather Leaf Fern,2023-07-19,10,245.38,Store,Visa ,0.06
2023-04-04T05:30:17,Fish - Soup Base Bouillon,2023-04-28,9,95.57,App,Visa ,0.08
2023-05-12T01:15:18,Silicone Paper 16.5x24,2023-07-08,11,145.99,App,Visa ,0.11
2023-05-12T13:32:08,Red Currants,2023-07-11,17,208.22,Store,Visa ,0.075
2023-05-01T22:13:45,Lamb - Shanks,2023-05-14,14,205.98,App,Visa ,0.16
2023-03-17T02:14:18,Coriander - Seed,2023-04-16,15,60.88,Store,Visa ,0.025
2023-03-24T11:38:50,Pepper - Sorrano,2023-05-28,7,198.13,Store,Cash ,0.025
2023-03-30T04:11:33,Ecolab - Hobart Upr Prewash Arm,2023-05-22,16,11.52,Store,Cash ,0.05
2023-04-17T15:48:52,Oil - Coconut,2023-06-11,13,227.47,Store,Cash ,0.035
2023-04-14T05:16:19,Juice - Orange 1.89l,2023-04-17,16,246.62,Store,Visa ,0.185
2023-04-03T13:35:59,Fennel - Seeds,2023-04-12,10,25.65,Store,Cash ,0.14
2023-03-22T08:24:28,Lotus Rootlets - Canned,2023-05-15,17,11.33,Store,Cash ,0.05
2023-03-21T12:26:39,Chocolate - Chips Compound,2023-05-13,9,2.21,Store,Visa ,0.05
2023-05-08T19:54:14,Bagel - Everything,2023-07-14,14,14.0,Store,Cash ,0.035
2023-03-23T10:25:32,Beef - Sushi Flat Iron Steak,2023-05-08,3,165.0,Store,Visa ,0.275
2023-04-08T20:47:10,Cheese - Colby,2023-05-20,2,178.87,App,Visa ,0.075
2023-03-27T13:46:47,Bagel - Sesame Seed Presliced,2023-04-23,14,56.25,Store,Cash ,0.05
2023-04-03T15:38:17,Tomatoes - Cherry,2023-04-16,15,149.69,App,Visa ,0.16
2023-03-26T00:54:03,Pastry - Banana Muffin - Mini,2023-05-19,4,113.46,Store,Visa ,0.025
2023-03-23T18:01:37,Cheese - Cream Cheese,2023-06-10,9,76.68,Store,Cash ,0.3
2023-04-18T15:08:53,Pork Casing,2023-06-29,2,18.75,App,Visa ,0.05
2023-04-05T09:42:42,Wine - Puligny Montrachet A.,2023-06-08,2,99.6,App,Visa ,0.05
2023-04-29T14:25:33,Soup - Clam Chowder Dry Mix,2023-05-14,17,93.42,App,Visa ,0.175
2023-03-20T03:40:50,Pork - Smoked Kassler,2023-05-28,15,3.52,Store,Cash ,0.0
2023-04-23T03:15:18,Cardamon Ground,2023-07-09,3,117.79,App,Visa ,0.05
2023-05-12T13:52:38,Island Oasis - Lemonade,2023-05-16,7,30.26,App,Visa ,0.18
2023-04-21T15:42:19,Coffee Beans - Chocolate,2023-04-26,9,19.46,App,Visa ,0.175
2023-03-21T19:36:06,Glucose,2023-06-04,11,60.92,App,Visa ,0.11
2023-04-20T20:22:27,Beef - Tongue Cooked,2023-05-13,15,13.78,Store,Visa ,0.06
2023-03-25T19:58:08,Table Cloth 62x120 Colour,2023-05-15,17,26.57,App,Visa ,0.15
2023-03-31T17:43:09,Gatorade - Orange,2023-05-15,4,154.15,Store,Cash ,0.0
2023-05-07T12:50:19,Pasta - Lasagna Dry,2023-07-31,7,80.81,Store,Cash ,0.025
2023-04-19T15:27,Soup - Cream Of Broccoli,2023-05-03,15,162.26,Store,Visa ,0.105
2023-04-06T02:35:09,Sambuca - Ramazzotti,2023-07-05,11,191.82,App,Visa ,0.11
2023-04-28T21:31:19,Wine - Kwv Chenin Blanc South,2023-06-16,10,8.87,App,Visa ,0.085
2023-04-06T14:53:53,Wine - Manischewitz Concord,2023-04-16,1,5.39,App,Visa ,0.125
2023-05-02T03:20:43,Cookie Dough - Double,2023-06-18,11,169.19,Store,Cash ,0.035
2023-05-03T02:26:49,Beef - Bresaola,2023-05-09,6,91.29,App,Visa ,0.17
2023-04-13T23:02:04,Smoked Paprika,2023-06-22,1,202.23,App,Visa ,0.05
2023-04-22T03:23:07,Puree - Blackcurrant,2023-07-07,15,10.48,Store,Cash ,0.0
2023-05-03T07:58:34,Pepper - Chillies Crushed,2023-06-19,17,72.58,App,Visa ,0.15
2023-04-22T05:21:27,Tea - English Breakfast,2023-06-21,16,6.63,Store,Visa ,0.075
2023-04-23T05:59:24,Mustard - Individual Pkg,2023-07-04,7,198.68,App,Visa ,0.075
2023-04-01T16:07:01,Cheese - Goat,2023-05-25,5,213.05,Store,Cash ,0.05
2023-04-25T17:18:23,Swiss Chard,2023-05-25,1,242.97,Store,Cash ,0.0
2023-03-26T00:02:59,Juice - Apple 284ml,2023-04-22,17,30.02,Store,Cash ,0.065
2023-04-08T00:49:49,Dip - Tapenade,2023-05-15,15,188.33,App,Visa ,0.1
2023-04-18T05:56:48,Horseradish - Prepared,2023-05-06,6,164.86,App,Visa ,0.11
2023-04-27T19:35:20,Bar Mix - Pina Colada 355 Ml,2023-07-12,15,86.4,App,Visa ,0.1
2023-03-22T12:24:12,Wine - White Riesling Semi - Dry,2023-06-08,1,102.32,App,Visa ,0.05
2023-03-25T13:08:48,Chicken - Leg / Back Attach,2023-06-20,7,38.09,Store,Visa ,0.05
2023-05-07T14:17:48,Radish - Pickled,2023-06-01,16,243.4,Store,Visa ,0.075
2023-03-23T07:52:59,Mushroom - Chantrelle Fresh,2023-04-06,5,19.92,App,Visa ,0.33
2023-04-11T05:49:03,Chicken - White Meat With Tender,2023-07-01,9,69.71,App,Visa ,0.075
2023-04-21T04:09:38,Shrimp - Black Tiger 13/15,2023-07-10,17,101.43,Store,Cash ,0.05
2023-04-14T16:11:42,Food Colouring - Pink,2023-05-27,4,91.88,Store,Cash ,0.0
2023-04-27T05:31:48,Chicken - Breast 5 - 7 Oz,2023-06-15,15,192.27,Store,Cash ,0.0
2023-03-24T00:32:32,Blueberries,2023-05-27,3,16.26,Store,Cash ,0.0
2023-04-25T02:54:15,Wine - Charddonnay Errazuriz,2023-05-27,12,109.45,App,Visa ,0.11
2023-04-24T16:16:22,Veal - Round Eye Of,2023-06-18,17,206.63,App,Visa ,0.15
2023-04-27T12:05:29,Veal - Leg,2023-07-02,3,152.74,App,Visa ,0.05
2023-03-31T14:38:22,Gin - Gilbeys London Dry,2023-05-09,4,234.71,Store,Visa ,0.025
2023-04-14T04:59:20,Creme De Banane - Marie,2023-06-04,1,9.05,App,Visa ,0.05
